source_catalog_id,slug,accepted_scientific_name,scientific_name_authorship,taxon_authority,taxon_authority_id,taxon_status,synonyms,preferred_ja_name,ja_aliases,preferred_en_name,en_aliases,category,rank,phylum,class,order,family,observed_depth_min_m,observed_depth_max_m,spawn_depth_min_m,spawn_depth_max_m,habitat_tags,ocean_regions,game_rarity,spawn_weight,spawn_conditions,behavior_id,score,asset_id,taxonomy_source_url,depth_source_url,fact_ja,fact_source_url,image_reference_url,last_verified_at,research_status,notes
F001,eurypharynx-pelecanoides,Eurypharynx pelecanoides,"Vaillant, 1882",WoRMS,127165,accepted,[],フクロウナギ,[],Pelican eel,[],fish,Species,Chordata,Teleostei,Anguilliformes,Eurypharyngidae,500,7625,500,6000,"[""deep_sea"",""water_column""]",[],legendary,0.05,"{""depth_min_m"":500,""depth_max_m"":6000,""habitat_tags"":[""deep_sea"",""water_column""],""ocean_regions"":[],""respawn_cooldown_s"":40}",swim,100,,https://www.marinespecies.org/aphia.php?p=taxdetails&id=127165,https://www.fishbase.se/summary/Eurypharynx-pelecanoides.html,観察深度の出典記録は500–7625m。,https://www.fishbase.se/summary/Eurypharynx-pelecanoides.html,https://www.fishbase.se/summary/Eurypharynx-pelecanoides.html,2026-08-12,verified,source_checked_date=2026-08-06 | depth_evidence=FishBase: bathypelagic; reported depth range 500-7625 m. | size_note=Maximum 100 cm TL reported in FishBase. | visual_note=Greatly distensible mouth; extremely attenuated tail ending in luminous organ; scaleless eel-like body. | image_rights=reference-only; rights verification required | spawn_depth_policy=observed-range intersection with 200-6000m | asset_status=reference-only; asset_id intentionally blank | synonyms=not asserted; only exact accepted WoRMS name was adopted | research_taxonomy_url_normalized=https://www.marinespecies.org/aphia.php?p=taxlist&tName=Eurypharynx+pelecanoides -> https://www.marinespecies.org/aphia.php?p=taxdetails&id=127165
F002,serrivomer-beanii,Serrivomer beanii,"Gill & Ryder, 1883",WoRMS,126319,accepted,[],,[],Stout sawpalate,[],fish,Species,Chordata,Teleostei,Anguilliformes,Serrivomeridae,0,6000,200,6000,"[""deep_sea"",""water_column""]",[],very_rare,0.15,"{""depth_min_m"":200,""depth_max_m"":6000,""habitat_tags"":[""deep_sea"",""water_column""],""ocean_regions"":[],""respawn_cooldown_s"":30}",swim,75,,https://www.marinespecies.org/aphia.php?p=taxdetails&id=126319,https://www.fishbase.se/summary/Serrivomer-beanii.html,観察深度の出典記録は0–6000m。,https://www.fishbase.se/summary/Serrivomer-beanii.html,https://www.fishbase.se/summary/Serrivomer-beanii.html,2026-08-12,verified,source_checked_date=2026-08-06 | depth_evidence=FishBase: bathypelagic; reported depth range 0-6000 m. | size_note=Maximum 78 cm TL reported in FishBase. | visual_note=Beak-like snout; brown-black to silvery elongate eel body. | image_rights=reference-only; rights verification required | spawn_depth_policy=observed-range intersection with 200-6000m | asset_status=reference-only; asset_id intentionally blank | synonyms=not asserted; only exact accepted WoRMS name was adopted | research_taxonomy_url_normalized=https://www.marinespecies.org/aphia.php?p=taxlist&tName=Serrivomer+beanii -> https://www.marinespecies.org/aphia.php?p=taxdetails&id=126319
F003,nemichthys-scolopaceus,Nemichthys scolopaceus,"Richardson, 1848",WoRMS,126306,accepted,[],,[],Slender snipe eel,[],fish,Species,Chordata,Teleostei,Anguilliformes,Nemichthyidae,0,4337,200,4337,"[""deep_sea"",""water_column""]",[],rare,0.35,"{""depth_min_m"":200,""depth_max_m"":4337,""habitat_tags"":[""deep_sea"",""water_column""],""ocean_regions"":[],""respawn_cooldown_s"":22}",swim,50,,https://www.marinespecies.org/aphia.php?p=taxdetails&id=126306,https://www.fishbase.se/summary/Nemichthys-scolopaceus.html,観察深度の出典記録は0–4337m。,https://www.fishbase.se/summary/Nemichthys-scolopaceus.html,https://www.fishbase.se/summary/Nemichthys-scolopaceus.html,2026-08-12,verified,source_checked_date=2026-08-06 | depth_evidence=FishBase: bathypelagic; reported depth range 0-4337 m. | size_note=Maximum 130 cm TL reported in FishBase. | visual_note=Long bill-like jaws; narrow body ending in long filament; dark brown-gray. | image_rights=reference-only; rights verification required | spawn_depth_policy=observed-range intersection with 200-6000m | asset_status=reference-only; asset_id intentionally blank | synonyms=not asserted; only exact accepted WoRMS name was adopted | research_taxonomy_url_normalized=https://www.marinespecies.org/aphia.php?p=taxlist&tName=Nemichthys+scolopaceus -> https://www.marinespecies.org/aphia.php?p=taxdetails&id=126306
F004,synaphobranchus-kaupii,Synaphobranchus kaupii,"Johnson, 1862",WoRMS,126328,accepted,[],,[],Kaup's arrowtooth eel,[],fish,Species,Chordata,Teleostei,Anguilliformes,Synaphobranchidae,120,4800,200,4800,"[""deep_sea"",""seafloor""]",[],rare,0.35,"{""depth_min_m"":200,""depth_max_m"":4800,""habitat_tags"":[""deep_sea"",""seafloor""],""ocean_regions"":[],""respawn_cooldown_s"":22}",swim,50,,https://www.marinespecies.org/aphia.php?p=taxdetails&id=126328,https://www.fishbase.se/summary/Synaphobranchus-kaupii.html,観察深度の出典記録は120–4800m。,https://www.fishbase.se/summary/Synaphobranchus-kaupii.html,https://www.fishbase.se/summary/Synaphobranchus-kaupii.html,2026-08-12,verified,source_checked_date=2026-08-06 | depth_evidence=FishBase: bathydemersal; reported depth range 120-4800 m. | size_note=Maximum length reported in FishBase; see source page. | visual_note=Elongate eel-like body; arrow-tooth mouth; use real reference page for fin pattern. | image_rights=reference-only; rights verification required | spawn_depth_policy=observed-range intersection with 200-6000m | asset_status=reference-only; asset_id intentionally blank | synonyms=not asserted; only exact accepted WoRMS name was adopted | research_taxonomy_url_normalized=https://www.marinespecies.org/aphia.php?p=taxlist&tName=Synaphobranchus+kaupii -> https://www.marinespecies.org/aphia.php?p=taxdetails&id=126328
F005,simenchelys-parasitica,Simenchelys parasitica,"Gill, 1879",WoRMS,126327,accepted,[],,[],Snubnosed eel,[],fish,Species,Chordata,Teleostei,Anguilliformes,Synaphobranchidae,100,3000,200,3000,"[""deep_sea"",""seafloor""]",[],uncommon,0.65,"{""depth_min_m"":200,""depth_max_m"":3000,""habitat_tags"":[""deep_sea"",""seafloor""],""ocean_regions"":[],""respawn_cooldown_s"":16}",swim,25,,https://www.marinespecies.org/aphia.php?p=taxdetails&id=126327,https://www.fishbase.se/summary/Simenchelys-parasitica.html,観察深度の出典記録は100–3000m。,https://www.fishbase.se/summary/Simenchelys-parasitica.html,https://www.fishbase.se/summary/Simenchelys-parasitica.html,2026-08-12,verified,source_checked_date=2026-08-06 | depth_evidence=FishBase: bathydemersal; reported depth range 100-3000 m. | size_note=Maximum 61 cm TL reported in FishBase. | visual_note=Thick blunt cylindrical head; small slit-like mouth with plicate lips; gray-brown eel body. | image_rights=reference-only; rights verification required | spawn_depth_policy=observed-range intersection with 200-6000m | asset_status=reference-only; asset_id intentionally blank | synonyms=not asserted; only exact accepted WoRMS name was adopted | research_taxonomy_url_normalized=https://www.marinespecies.org/aphia.php?p=taxlist&tName=Simenchelys+parasitica -> https://www.marinespecies.org/aphia.php?p=taxdetails&id=126327
F006,notacanthus-chemnitzii,Notacanthus chemnitzii,"Bloch, 1788",WoRMS,126643,accepted,[],,[],Snubnosed spiny eel,[],fish,Species,Chordata,Teleostei,Notacanthiformes,Notacanthidae,125,3285,200,3285,"[""deep_sea"",""water_column""]",[],uncommon,0.65,"{""depth_min_m"":200,""depth_max_m"":3285,""habitat_tags"":[""deep_sea"",""water_column""],""ocean_regions"":[],""respawn_cooldown_s"":16}",swim,25,,https://www.marinespecies.org/aphia.php?p=taxdetails&id=126643,https://www.fishbase.se/summary/Notacanthus-chemnitzii.html,観察深度の出典記録は125–3285m。,https://www.fishbase.se/summary/Notacanthus-chemnitzii.html,https://www.fishbase.se/summary/Notacanthus-chemnitzii.html,2026-08-12,verified,source_checked_date=2026-08-06 | depth_evidence=FishBase: benthopelagic; reported depth range 125-3285 m. | size_note=Maximum 120 cm TL reported in FishBase. | visual_note=Long eel-like body with dorsal spines; snub nose; real reference page controls markings. | image_rights=reference-only; rights verification required | spawn_depth_policy=observed-range intersection with 200-6000m | asset_status=reference-only; asset_id intentionally blank | synonyms=not asserted; only exact accepted WoRMS name was adopted | research_taxonomy_url_normalized=https://www.marinespecies.org/aphia.php?p=taxlist&tName=Notacanthus+chemnitzii -> https://www.marinespecies.org/aphia.php?p=taxdetails&id=126643
F007,chiasmodon-niger,Chiasmodon niger,"Johnson, 1864",WoRMS,126840,accepted,[],,[],Black swallower,[],fish,Species,Chordata,Teleostei,Scombriformes,Chiasmodontidae,700,2745,700,2745,"[""deep_sea"",""water_column""]",[],uncommon,0.65,"{""depth_min_m"":700,""depth_max_m"":2745,""habitat_tags"":[""deep_sea"",""water_column""],""ocean_regions"":[],""respawn_cooldown_s"":16}",swim,25,,https://www.marinespecies.org/aphia.php?p=taxdetails&id=126840,https://www.fishbase.se/summary/Chiasmodon-niger.html,観察深度の出典記録は700–2745m。,https://www.fishbase.se/summary/Chiasmodon-niger.html,https://www.fishbase.se/summary/Chiasmodon-niger.html,2026-08-12,verified,source_checked_date=2026-08-06 | depth_evidence=FishBase: pelagic-oceanic; reported depth range 700-2745 m. | size_note=Maximum 25 cm SL reported in FishBase. | visual_note=Black body; oversized distensible stomach profile after prey capture; large mouth. | image_rights=reference-only; rights verification required | spawn_depth_policy=observed-range intersection with 200-6000m | asset_status=reference-only; asset_id intentionally blank | synonyms=not asserted; only exact accepted WoRMS name was adopted | research_taxonomy_url_normalized=https://www.marinespecies.org/aphia.php?p=taxlist&tName=Chiasmodon+niger -> https://www.marinespecies.org/aphia.php?p=taxdetails&id=126840
F008,alepisaurus-ferox,Alepisaurus ferox,"Lowe, 1833",WoRMS,126333,accepted,[],ミズウオ,[],Long snouted lancetfish,[],fish,Species,Chordata,Teleostei,Aulopiformes,Alepisauridae,0,1830,200,1830,"[""deep_sea"",""water_column""]",[],common,1,"{""depth_min_m"":200,""depth_max_m"":1830,""habitat_tags"":[""deep_sea"",""water_column""],""ocean_regions"":[],""respawn_cooldown_s"":12}",swim,10,,https://www.marinespecies.org/aphia.php?p=taxdetails&id=126333,https://www.fishbase.se/summary/Alepisaurus-ferox.html,観察深度の出典記録は0–1830m。,https://www.fishbase.se/summary/Alepisaurus-ferox.html,https://www.fishbase.se/summary/Alepisaurus-ferox.html,2026-08-12,verified,source_checked_date=2026-08-06 | depth_evidence=FishBase: bathypelagic; reported depth range 0-1830 m. | size_note=Maximum 215 cm TL reported in FishBase. | visual_note=Very long scaleless body; tall sail-like dorsal fin; long snout. | image_rights=reference-only; rights verification required | spawn_depth_policy=observed-range intersection with 200-6000m | asset_status=reference-only; asset_id intentionally blank | synonyms=not asserted; only exact accepted WoRMS name was adopted | research_taxonomy_url_normalized=https://www.marinespecies.org/aphia.php?p=taxlist&tName=Alepisaurus+ferox -> https://www.marinespecies.org/aphia.php?p=taxdetails&id=126333
F009,omosudis-lowii,Omosudis lowii,"Günther, 1887",WoRMS,272087,accepted,[],,[],Omosudid,[],fish,Species,Chordata,Teleostei,Aulopiformes,Omosudidae,0,4000,200,4000,"[""deep_sea"",""water_column""]",[],rare,0.35,"{""depth_min_m"":200,""depth_max_m"":4000,""habitat_tags"":[""deep_sea"",""water_column""],""ocean_regions"":[],""respawn_cooldown_s"":22}",swim,50,,https://www.marinespecies.org/aphia.php?p=taxdetails&id=272087,https://www.fishbase.se/summary/Omosudis-lowii.html,観察深度の出典記録は0–4000m。,https://www.fishbase.se/summary/Omosudis-lowii.html,https://www.fishbase.se/summary/Omosudis-lowii.html,2026-08-12,verified,source_checked_date=2026-08-06 | depth_evidence=FishBase: bathypelagic; reported depth range 0-4000 m. | size_note=Maximum 23 cm SL reported in FishBase. | visual_note=Slender hammerjaw-like head profile; silvery sides with dark peritoneum visible. | image_rights=reference-only; rights verification required | spawn_depth_policy=observed-range intersection with 200-6000m | asset_status=reference-only; asset_id intentionally blank | synonyms=not asserted; only exact accepted WoRMS name was adopted | research_taxonomy_url_normalized=https://www.marinespecies.org/aphia.php?p=taxlist&tName=Omosudis+lowii -> https://www.marinespecies.org/aphia.php?p=taxdetails&id=272087
F010,bathysaurus-mollis,Bathysaurus mollis,"Günther, 1878",WoRMS,126370,accepted,[],,[],Highfin lizardfish,[],fish,Species,Chordata,Teleostei,Aulopiformes,Bathysauridae,1550,4903,1550,4903,"[""deep_sea"",""seafloor""]",[],rare,0.35,"{""depth_min_m"":1550,""depth_max_m"":4903,""habitat_tags"":[""deep_sea"",""seafloor""],""ocean_regions"":[],""respawn_cooldown_s"":22}",swim,50,,https://www.marinespecies.org/aphia.php?p=taxdetails&id=126370,https://www.fishbase.se/summary/Bathysaurus-mollis.html,観察深度の出典記録は1550–4903m。,https://www.fishbase.se/summary/Bathysaurus-mollis.html,https://www.fishbase.se/summary/Bathysaurus-mollis.html,2026-08-12,verified,source_checked_date=2026-08-06 | depth_evidence=FishBase: bathydemersal; reported depth range 1550-4903 m. | size_note=Maximum 78 cm SL reported in FishBase. | visual_note=Moderately elongate pale lizardfish; high dorsal fin; dark mouth and gill regions. | image_rights=reference-only; rights verification required | spawn_depth_policy=observed-range intersection with 200-6000m | asset_status=reference-only; asset_id intentionally blank | synonyms=not asserted; only exact accepted WoRMS name was adopted | research_taxonomy_url_normalized=https://www.marinespecies.org/aphia.php?p=taxlist&tName=Bathysaurus+mollis -> https://www.marinespecies.org/aphia.php?p=taxdetails&id=126370
F011,evermannella-balbo,Evermannella balbo,"(Risso, 1820)",WoRMS,126338,accepted,[],,[],Balbo sabretooth,[],fish,Species,Chordata,Teleostei,Aulopiformes,Evermannellidae,100,1000,200,1000,"[""deep_sea"",""water_column""]",[],common,1,"{""depth_min_m"":200,""depth_max_m"":1000,""habitat_tags"":[""deep_sea"",""water_column""],""ocean_regions"":[],""respawn_cooldown_s"":12}",swim,10,,https://www.marinespecies.org/aphia.php?p=taxdetails&id=126338,https://www.fishbase.se/summary/Evermannella-balbo.html,観察深度の出典記録は100–1000m。,https://www.fishbase.se/summary/Evermannella-balbo.html,https://www.fishbase.se/summary/Evermannella-balbo.html,2026-08-12,verified,source_checked_date=2026-08-06 | depth_evidence=FishBase: bathypelagic; reported depth range 100-1000 m. | size_note=Maximum 16.9 cm SL reported in FishBase. | visual_note=Elongate sabretooth profile; brown body with dense melanophores. | image_rights=reference-only; rights verification required | spawn_depth_policy=observed-range intersection with 200-6000m | asset_status=reference-only; asset_id intentionally blank | synonyms=not asserted; only exact accepted WoRMS name was adopted | research_taxonomy_url_normalized=https://www.marinespecies.org/aphia.php?p=taxlist&tName=Evermannella+balbo -> https://www.marinespecies.org/aphia.php?p=taxdetails&id=126338
F012,bathypterois-grallator,Bathypterois grallator,"(Goode & Bean, 1886)",WoRMS,126343,accepted,[],オオイトヒキイワシ,[],Tripodfish,[],fish,Species,Chordata,Teleostei,Aulopiformes,Ipnopidae,878,4720,878,4720,"[""deep_sea"",""seafloor""]",[],rare,0.35,"{""depth_min_m"":878,""depth_max_m"":4720,""habitat_tags"":[""deep_sea"",""seafloor""],""ocean_regions"":[],""respawn_cooldown_s"":22}",swim,50,,https://www.marinespecies.org/aphia.php?p=taxdetails&id=126343,https://www.fishbase.se/summary/Bathypterois-grallator.html,観察深度の出典記録は878–4720m。,https://www.fishbase.se/summary/Bathypterois-grallator.html,https://marinespecies.org/photogallery.php?album=737&pic=124662,2026-08-12,verified,source_checked_date=2026-08-06 | depth_evidence=FishBase: bathydemersal; reported depth range 878-4720 m. | size_note=Maximum 43.4 cm TL reported in FishBase. | visual_note=Three extremely elongated pelvic and caudal fin rays used to perch above sediment. | image_rights=reference-only; rights verification required | spawn_depth_policy=observed-range intersection with 200-6000m | asset_status=reference-only; asset_id intentionally blank | synonyms=not asserted; only exact accepted WoRMS name was adopted | research_taxonomy_url_normalized=https://www.marinespecies.org/aphia.php?p=taxlist&tName=Bathypterois+grallator -> https://www.marinespecies.org/aphia.php?p=taxdetails&id=126343
F013,anoplogaster-cornuta,Anoplogaster cornuta,"(Valenciennes, 1833)",WoRMS,126393,accepted,[],,[],Common fangtooth,[],fish,Species,Chordata,Teleostei,Trachichthyiformes,Anoplogastridae,2,4992,200,4992,"[""deep_sea"",""water_column""]",[],rare,0.35,"{""depth_min_m"":200,""depth_max_m"":4992,""habitat_tags"":[""deep_sea"",""water_column""],""ocean_regions"":[],""respawn_cooldown_s"":22}",swim,50,,https://www.marinespecies.org/aphia.php?p=taxdetails&id=126393,https://www.fishbase.se/summary/Anoplogaster-cornuta.html,観察深度の出典記録は2–4992m。,https://www.fishbase.se/summary/Anoplogaster-cornuta.html,https://www.fishbase.se/summary/Anoplogaster-cornuta.html,2026-08-12,verified,source_checked_date=2026-08-06 | depth_evidence=FishBase: bathypelagic; reported depth range 2-4992 m. | size_note=Maximum 18 cm TL reported in FishBase. | visual_note=Compact dark body; disproportionately huge fang-like teeth and large head. | image_rights=reference-only; rights verification required | spawn_depth_policy=observed-range intersection with 200-6000m | asset_status=reference-only; asset_id intentionally blank | synonyms=not asserted; only exact accepted WoRMS name was adopted | research_taxonomy_url_normalized=https://www.marinespecies.org/aphia.php?p=taxlist&tName=Anoplogaster+cornuta -> https://www.marinespecies.org/aphia.php?p=taxdetails&id=126393
F014,chauliodus-sloani,Chauliodus sloani,"Bloch & Schneider, 1801",WoRMS,127338,accepted,[],,[],Sloane's viperfish,[],fish,Species,Chordata,Teleostei,Stomiiformes,Stomiidae,200,4700,200,4700,"[""deep_sea"",""water_column""]",[],rare,0.35,"{""depth_min_m"":200,""depth_max_m"":4700,""habitat_tags"":[""deep_sea"",""water_column""],""ocean_regions"":[],""respawn_cooldown_s"":22}",swim,50,,https://www.marinespecies.org/aphia.php?p=taxdetails&id=127338,https://www.fishbase.se/summary/Chauliodus-sloani.html,観察深度の出典記録は200–4700m。,https://www.fishbase.se/summary/Chauliodus-sloani.html,https://www.fishbase.se/summary/Chauliodus-sloani.html,2026-08-12,verified,source_checked_date=2026-08-06 | depth_evidence=FishBase: bathypelagic; reported depth range 200-4700 m. | size_note=Maximum 35 cm SL reported in FishBase. | visual_note=Long slender dark body; very large recurved fangs; serial photophores. | image_rights=reference-only; rights verification required | spawn_depth_policy=observed-range intersection with 200-6000m | asset_status=reference-only; asset_id intentionally blank | synonyms=not asserted; only exact accepted WoRMS name was adopted | research_taxonomy_url_normalized=https://www.marinespecies.org/aphia.php?p=taxlist&tName=Chauliodus+sloani -> https://www.marinespecies.org/aphia.php?p=taxdetails&id=127338
F015,malacosteus-niger,Malacosteus niger,"Ayres, 1848",WoRMS,127358,accepted,[],,[],Stoplight loosejaw,[],fish,Species,Chordata,Teleostei,Stomiiformes,Stomiidae,500,3886,500,3886,"[""deep_sea"",""water_column""]",[],rare,0.35,"{""depth_min_m"":500,""depth_max_m"":3886,""habitat_tags"":[""deep_sea"",""water_column""],""ocean_regions"":[],""respawn_cooldown_s"":22}",swim,50,,https://www.marinespecies.org/aphia.php?p=taxdetails&id=127358,https://www.fishbase.se/summary/Malacosteus-niger.html,観察深度の出典記録は500–3886m。,https://www.fishbase.se/summary/Malacosteus-niger.html,https://www.fishbase.se/summary/Malacosteus-niger.html,2026-08-12,verified,source_checked_date=2026-08-06 | depth_evidence=FishBase: bathypelagic; reported depth range 500-3886 m. | size_note=Maximum 25.6 cm TL reported in FishBase. | visual_note=Elongate black loosejaw; large gape; clustered photophores. | image_rights=reference-only; rights verification required | spawn_depth_policy=observed-range intersection with 200-6000m | asset_status=reference-only; asset_id intentionally blank | synonyms=not asserted; only exact accepted WoRMS name was adopted | research_taxonomy_url_normalized=https://www.marinespecies.org/aphia.php?p=taxlist&tName=Malacosteus+niger -> https://www.marinespecies.org/aphia.php?p=taxdetails&id=127358
F016,idiacanthus-atlanticus,Idiacanthus atlanticus,"Brauer, 1906",WoRMS,217616,accepted,[],,[],Black dragonfish,[],fish,Species,Chordata,Teleostei,Stomiiformes,Stomiidae,1239,2000,1239,2000,"[""deep_sea"",""water_column""]",[],uncommon,0.65,"{""depth_min_m"":1239,""depth_max_m"":2000,""habitat_tags"":[""deep_sea"",""water_column""],""ocean_regions"":[],""respawn_cooldown_s"":16}",swim,25,,https://www.marinespecies.org/aphia.php?p=taxdetails&id=217616,https://www.fishbase.se/summary/Idiacanthus-atlanticus.html,観察深度の出典記録は1239–2000m。,https://www.fishbase.se/summary/Idiacanthus-atlanticus.html,https://www.fishbase.se/summary/Idiacanthus-atlanticus.html,2026-08-12,verified,source_checked_date=2026-08-06 | depth_evidence=FishBase: bathypelagic; reported depth range 1239-2000 m. | size_note=Maximum length reported in FishBase; see source page. | visual_note=Slim black body; long chin barbel and large teeth; strongly sex-dimorphic size. | image_rights=reference-only; rights verification required | spawn_depth_policy=observed-range intersection with 200-6000m | asset_status=reference-only; asset_id intentionally blank | synonyms=not asserted; only exact accepted WoRMS name was adopted | research_taxonomy_url_normalized=https://www.marinespecies.org/aphia.php?p=taxlist&tName=Idiacanthus+atlanticus -> https://www.marinespecies.org/aphia.php?p=taxdetails&id=217616
F017,borostomias-antarcticus,Borostomias antarcticus,"(Lönnberg, 1905)",WoRMS,127334,accepted,[],,[],Snaggletooth,[],fish,Species,Chordata,Teleostei,Stomiiformes,Stomiidae,300,2630,300,2630,"[""deep_sea"",""seafloor""]",[],uncommon,0.65,"{""depth_min_m"":300,""depth_max_m"":2630,""habitat_tags"":[""deep_sea"",""seafloor""],""ocean_regions"":[],""respawn_cooldown_s"":16}",swim,25,,https://www.marinespecies.org/aphia.php?p=taxdetails&id=127334,https://www.fishbase.se/summary/Borostomias-antarcticus.html,観察深度の出典記録は300–2630m。,https://www.fishbase.se/summary/Borostomias-antarcticus.html,https://www.fishbase.se/summary/Borostomias-antarcticus.html,2026-08-12,verified,source_checked_date=2026-08-06 | depth_evidence=FishBase: bathydemersal; reported depth range 300-2630 m. | size_note=Maximum 30 cm SL reported in FishBase. | visual_note=Black elongate body; sharp irregular teeth; photophore pattern. | image_rights=reference-only; rights verification required | spawn_depth_policy=observed-range intersection with 200-6000m | asset_status=reference-only; asset_id intentionally blank | synonyms=not asserted; only exact accepted WoRMS name was adopted | research_taxonomy_url_normalized=https://www.marinespecies.org/aphia.php?p=taxlist&tName=Borostomias+antarcticus -> https://www.marinespecies.org/aphia.php?p=taxdetails&id=127334
F018,sigmops-elongatus,Sigmops elongatus,"(Günther, 1878)",WoRMS,221512,accepted,[],,[],Elongated bristlemouth fish,[],fish,Species,Chordata,Teleostei,Stomiiformes,Gonostomatidae,25,4740,200,4740,"[""deep_sea"",""water_column""]",[],rare,0.35,"{""depth_min_m"":200,""depth_max_m"":4740,""habitat_tags"":[""deep_sea"",""water_column""],""ocean_regions"":[],""respawn_cooldown_s"":22}",swim,50,,https://www.marinespecies.org/aphia.php?p=taxdetails&id=221512,https://www.fishbase.se/summary/Sigmops-elongatus.html,観察深度の出典記録は25–4740m。,https://www.fishbase.se/summary/Sigmops-elongatus.html,https://www.fishbase.se/summary/Sigmops-elongatus.html,2026-08-12,verified,source_checked_date=2026-08-06 | depth_evidence=FishBase: bathypelagic; reported depth range 25-4740 m. | size_note=Maximum length reported in FishBase; see source page. | visual_note=Small elongate brown-black bristlemouth; dense photophores. | image_rights=reference-only; rights verification required | spawn_depth_policy=observed-range intersection with 200-6000m | asset_status=reference-only; asset_id intentionally blank | synonyms=not asserted; only exact accepted WoRMS name was adopted | research_taxonomy_url_normalized=https://www.marinespecies.org/aphia.php?p=taxlist&tName=Sigmops+elongatus -> https://www.marinespecies.org/aphia.php?p=taxdetails&id=221512
F019,cyclothone-microdon,Cyclothone microdon,"(Günther, 1878)",WoRMS,127286,accepted,[],,[],Veiled anglemouth,[],fish,Species,Chordata,Teleostei,Stomiiformes,Gonostomatidae,200,5301,200,5301,"[""deep_sea"",""water_column""]",[],very_rare,0.15,"{""depth_min_m"":200,""depth_max_m"":5301,""habitat_tags"":[""deep_sea"",""water_column""],""ocean_regions"":[],""respawn_cooldown_s"":30}",swim,75,,https://www.marinespecies.org/aphia.php?p=taxdetails&id=127286,https://www.fishbase.se/summary/Cyclothone-microdon.html,観察深度の出典記録は200–5301m。,https://www.fishbase.se/summary/Cyclothone-microdon.html,https://www.fishbase.se/summary/Cyclothone-microdon.html,2026-08-12,verified,source_checked_date=2026-08-06 | depth_evidence=FishBase: bathypelagic; reported depth range 200-5301 m. | size_note=Maximum 7.6 cm TL reported in FishBase. | visual_note=Tiny dark elongated body; small mouth; photophore dots. | image_rights=reference-only; rights verification required | spawn_depth_policy=observed-range intersection with 200-6000m | asset_status=reference-only; asset_id intentionally blank | synonyms=not asserted; only exact accepted WoRMS name was adopted | research_taxonomy_url_normalized=https://www.marinespecies.org/aphia.php?p=taxlist&tName=Cyclothone+microdon -> https://www.marinespecies.org/aphia.php?p=taxdetails&id=127286
F020,cyclothone-pallida,Cyclothone pallida,"Brauer, 1902",WoRMS,127288,accepted,[],,[],Tan bristlemouth,[],fish,Species,Chordata,Teleostei,Stomiiformes,Gonostomatidae,16,4663,200,4663,"[""deep_sea"",""water_column""]",[],rare,0.35,"{""depth_min_m"":200,""depth_max_m"":4663,""habitat_tags"":[""deep_sea"",""water_column""],""ocean_regions"":[],""respawn_cooldown_s"":22}",swim,50,,https://www.marinespecies.org/aphia.php?p=taxdetails&id=127288,https://www.fishbase.se/summary/Cyclothone-pallida.html,観察深度の出典記録は16–4663m。,https://www.fishbase.se/summary/Cyclothone-pallida.html,https://www.fishbase.se/summary/Cyclothone-pallida.html,2026-08-12,verified,source_checked_date=2026-08-06 | depth_evidence=FishBase: bathypelagic; reported depth range 16-4663 m. | size_note=Maximum 7.5 cm SL reported in FishBase for females. | visual_note=Tiny brown body; darkened fin rays and head pigment; photophores. | image_rights=reference-only; rights verification required | spawn_depth_policy=observed-range intersection with 200-6000m | asset_status=reference-only; asset_id intentionally blank | synonyms=not asserted; only exact accepted WoRMS name was adopted | research_taxonomy_url_normalized=https://www.marinespecies.org/aphia.php?p=taxlist&tName=Cyclothone+pallida -> https://www.marinespecies.org/aphia.php?p=taxdetails&id=127288
F021,argyropelecus-aculeatus,Argyropelecus aculeatus,"Valenciennes, 1850",WoRMS,127306,accepted,[],,[],Lovely hatchetfish,[],fish,Species,Chordata,Teleostei,Stomiiformes,Sternoptychidae,100,2056,200,2056,"[""deep_sea"",""water_column""]",[],common,1,"{""depth_min_m"":200,""depth_max_m"":2056,""habitat_tags"":[""deep_sea"",""water_column""],""ocean_regions"":[],""respawn_cooldown_s"":12}",swim,10,,https://www.marinespecies.org/aphia.php?p=taxdetails&id=127306,https://www.fishbase.se/summary/Argyropelecus-aculeatus.html,観察深度の出典記録は100–2056m。,https://www.fishbase.se/summary/Argyropelecus-aculeatus.html,https://www.fishbase.se/summary/Argyropelecus-aculeatus.html,2026-08-12,verified,source_checked_date=2026-08-06 | depth_evidence=FishBase: bathypelagic; reported depth range 100-2056 m. | size_note=Maximum 8.3 cm SL reported in FishBase. | visual_note=Deep laterally compressed hatchet-shaped silver body; downward and outward opercular spine. | image_rights=reference-only; rights verification required | spawn_depth_policy=observed-range intersection with 200-6000m | asset_status=reference-only; asset_id intentionally blank | synonyms=not asserted; only exact accepted WoRMS name was adopted | research_taxonomy_url_normalized=https://www.marinespecies.org/aphia.php?p=taxlist&tName=Argyropelecus+aculeatus -> https://www.marinespecies.org/aphia.php?p=taxdetails&id=127306
F022,maurolicus-muelleri,Maurolicus muelleri,"(Gmelin, 1789)",WoRMS,127312,accepted,[],,[],Silvery lightfish,[],fish,Species,Chordata,Teleostei,Stomiiformes,Sternoptychidae,271,1524,271,1524,"[""deep_sea"",""water_column""]",[],common,1,"{""depth_min_m"":271,""depth_max_m"":1524,""habitat_tags"":[""deep_sea"",""water_column""],""ocean_regions"":[],""respawn_cooldown_s"":12}",swim,10,,https://www.marinespecies.org/aphia.php?p=taxdetails&id=127312,https://www.fishbase.se/summary/Maurolicus-muelleri.html,観察深度の出典記録は271–1524m。,https://www.fishbase.se/summary/Maurolicus-muelleri.html,https://www.fishbase.se/summary/Maurolicus-muelleri.html,2026-08-12,verified,source_checked_date=2026-08-06 | depth_evidence=FishBase: bathypelagic; reported depth range 271-1524 m. | size_note=Maximum 8 cm TL reported in FishBase. | visual_note=Small silvery laterally compressed body with ventral photophores. | image_rights=reference-only; rights verification required | spawn_depth_policy=observed-range intersection with 200-6000m | asset_status=reference-only; asset_id intentionally blank | synonyms=not asserted; only exact accepted WoRMS name was adopted | research_taxonomy_url_normalized=https://www.marinespecies.org/aphia.php?p=taxlist&tName=Maurolicus+muelleri -> https://www.marinespecies.org/aphia.php?p=taxdetails&id=127312
F023,lampanyctus-crocodilus,Lampanyctus crocodilus,"(Risso, 1810)",WoRMS,126612,accepted,[],,[],Jewel lanternfish,[],fish,Species,Chordata,Teleostei,Myctophiformes,Myctophidae,0,1200,200,1200,"[""deep_sea"",""water_column""]",[],common,1,"{""depth_min_m"":200,""depth_max_m"":1200,""habitat_tags"":[""deep_sea"",""water_column""],""ocean_regions"":[],""respawn_cooldown_s"":12}",swim,10,,https://www.marinespecies.org/aphia.php?p=taxdetails&id=126612,https://www.fishbase.se/summary/Lampanyctus-crocodilus.html,観察深度の出典記録は0–1200m。,https://www.fishbase.se/summary/Lampanyctus-crocodilus.html,https://www.fishbase.se/summary/Lampanyctus-crocodilus.html,2026-08-12,verified,source_checked_date=2026-08-06 | depth_evidence=FishBase: bathypelagic; reported depth range 0-1200 m. | size_note=Maximum 30 cm SL reported in FishBase. | visual_note=Elongate lanternfish; patterned photophores and short pectoral fins. | image_rights=reference-only; rights verification required | spawn_depth_policy=observed-range intersection with 200-6000m | asset_status=reference-only; asset_id intentionally blank | synonyms=not asserted; only exact accepted WoRMS name was adopted | research_taxonomy_url_normalized=https://www.marinespecies.org/aphia.php?p=taxlist&tName=Lampanyctus+crocdilus -> https://www.marinespecies.org/aphia.php?p=taxdetails&id=126612
F024,myctophum-punctatum,Myctophum punctatum,"Rafinesque, 1810",WoRMS,126627,accepted,[],,[],Spotted lanternfish,[],fish,Species,Chordata,Teleostei,Myctophiformes,Myctophidae,0,1000,200,1000,"[""deep_sea"",""water_column""]",[],common,1,"{""depth_min_m"":200,""depth_max_m"":1000,""habitat_tags"":[""deep_sea"",""water_column""],""ocean_regions"":[],""respawn_cooldown_s"":12}",swim,10,,https://www.marinespecies.org/aphia.php?p=taxdetails&id=126627,https://www.fishbase.se/summary/Myctophum-punctatum.html,観察深度の出典記録は0–1000m。,https://www.fishbase.se/summary/Myctophum-punctatum.html,https://www.fishbase.se/summary/Myctophum-punctatum.html,2026-08-12,verified,source_checked_date=2026-08-06 | depth_evidence=FishBase: bathypelagic; reported depth range 0-1000 m. | size_note=Maximum 11 cm SL reported in FishBase. | visual_note=Elongate lanternfish; spotted and phosphorescent body pattern. | image_rights=reference-only; rights verification required | spawn_depth_policy=observed-range intersection with 200-6000m | asset_status=reference-only; asset_id intentionally blank | synonyms=not asserted; only exact accepted WoRMS name was adopted | research_taxonomy_url_normalized=https://www.marinespecies.org/aphia.php?p=taxlist&tName=Myctophum+punctatum -> https://www.marinespecies.org/aphia.php?p=taxdetails&id=126627
F025,electrona-antarctica,Electrona antarctica,"(Günther, 1878)",WoRMS,217697,accepted,[],,[],Antarctic lanternfish,[],fish,Species,Chordata,Teleostei,Myctophiformes,Myctophidae,1,1010,200,1010,"[""deep_sea"",""seafloor""]","[""Arctic"",""Antarctic""]",common,1,"{""depth_min_m"":200,""depth_max_m"":1010,""habitat_tags"":[""deep_sea"",""seafloor""],""ocean_regions"":[""Arctic"",""Antarctic""],""respawn_cooldown_s"":12}",swim,10,,https://www.marinespecies.org/aphia.php?p=taxdetails&id=217697,https://www.fishbase.se/summary/Electrona-antarctica.html,観察深度の出典記録は1–1010m。,https://www.fishbase.se/summary/Electrona-antarctica.html,https://www.fishbase.se/summary/Electrona-antarctica.html,2026-08-12,verified,source_checked_date=2026-08-06 | depth_evidence=FishBase: demersal; reported depth range 1-1010 m. | size_note=Maximum 11.5 cm SL reported in FishBase. | visual_note=Small Antarctic lanternfish; laterally compressed body with photophores. | image_rights=reference-only; rights verification required | spawn_depth_policy=observed-range intersection with 200-6000m | asset_status=reference-only; asset_id intentionally blank | synonyms=not asserted; only exact accepted WoRMS name was adopted | research_taxonomy_url_normalized=https://www.marinespecies.org/aphia.php?p=taxlist&tName=Electrona+antarctica -> https://www.marinespecies.org/aphia.php?p=taxdetails&id=217697
F026,macropinna-microstoma,Macropinna microstoma,"Chapman, 1939",WoRMS,281482,accepted,[],,[],Barreleye,[],fish,Species,Chordata,Teleostei,Argentiniformes,Opisthoproctidae,16,1267,200,1267,"[""deep_sea"",""water_column""]",[],common,1,"{""depth_min_m"":200,""depth_max_m"":1267,""habitat_tags"":[""deep_sea"",""water_column""],""ocean_regions"":[],""respawn_cooldown_s"":12}",swim,10,,https://www.marinespecies.org/aphia.php?p=taxdetails&id=281482,https://www.mbari.org/animal/barreleye-fish/,観察深度の出典記録は16–1267m。,https://www.mbari.org/animal/barreleye-fish/,https://www.mbari.org/animal/barreleye-fish/,2026-08-12,verified,source_checked_date=2026-08-06 | depth_evidence=MBARI: observed midwater at 600-800 m; FishBase reports 16-1267 m. | size_note=Maximum 15 cm TL reported in FishBase. | visual_note=Transparent dome over head; green tubular eyes that rotate forward and upward. | image_rights=reference-only; rights verification required | spawn_depth_policy=observed-range intersection with 200-6000m | asset_status=reference-only; asset_id intentionally blank | synonyms=not asserted; only exact accepted WoRMS name was adopted | research_taxonomy_url_normalized=https://www.marinespecies.org/aphia.php?p=taxlist&tName=Macropinna+microstoma -> https://www.marinespecies.org/aphia.php?p=taxdetails&id=281482
F027,dolichopteryx-longipes,Dolichopteryx longipes,"(Vaillant, 1888)",WoRMS,126731,accepted,[],,[],Brownsnout spookfish,[],fish,Species,Chordata,Teleostei,Argentiniformes,Opisthoproctidae,500,2400,500,2400,"[""deep_sea"",""water_column""]",[],common,1,"{""depth_min_m"":500,""depth_max_m"":2400,""habitat_tags"":[""deep_sea"",""water_column""],""ocean_regions"":[],""respawn_cooldown_s"":12}",swim,10,,https://www.marinespecies.org/aphia.php?p=taxdetails&id=126731,https://www.fishbase.se/summary/Dolichopteryx-longipes.html,観察深度の出典記録は500–2400m。,https://www.fishbase.se/summary/Dolichopteryx-longipes.html,https://www.fishbase.se/summary/Dolichopteryx-longipes.html,2026-08-12,verified,source_checked_date=2026-08-06 | depth_evidence=FishBase: bathypelagic; reported depth range 500-2400 m. | size_note=Maximum 18 cm SL reported in FishBase. | visual_note=Deep body; large head; short pectorals and very long pelvic fins. | image_rights=reference-only; rights verification required | spawn_depth_policy=observed-range intersection with 200-6000m | asset_status=reference-only; asset_id intentionally blank | synonyms=not asserted; only exact accepted WoRMS name was adopted | research_taxonomy_url_normalized=https://www.marinespecies.org/aphia.php?p=taxlist&tName=Dolichopteryx+longipes -> https://www.marinespecies.org/aphia.php?p=taxdetails&id=126731
F028,opisthoproctus-soleatus,Opisthoproctus soleatus,"Vaillant, 1888",WoRMS,126733,accepted,[],,[],Barrel-eye,[],fish,Species,Chordata,Teleostei,Argentiniformes,Opisthoproctidae,300,800,300,800,"[""deep_sea"",""water_column""]",[],common,1,"{""depth_min_m"":300,""depth_max_m"":800,""habitat_tags"":[""deep_sea"",""water_column""],""ocean_regions"":[],""respawn_cooldown_s"":12}",swim,10,,https://www.marinespecies.org/aphia.php?p=taxdetails&id=126733,https://www.fishbase.se/summary/Opisthoproctus-soleatus.html,観察深度の出典記録は300–800m。,https://www.fishbase.se/summary/Opisthoproctus-soleatus.html,https://www.fishbase.se/summary/Opisthoproctus-soleatus.html,2026-08-12,verified,source_checked_date=2026-08-06 | depth_evidence=FishBase: bathypelagic; reported depth range 300-800 m. | size_note=Maximum 10.5 cm SL reported in FishBase. | visual_note=Dark flanks; translucent snout; barrel-like upward-facing eyes. | image_rights=reference-only; rights verification required | spawn_depth_policy=observed-range intersection with 200-6000m | asset_status=reference-only; asset_id intentionally blank | synonyms=not asserted; only exact accepted WoRMS name was adopted | research_taxonomy_url_normalized=https://www.marinespecies.org/aphia.php?p=taxlist&tName=Opisthoproctus+soleatus -> https://www.marinespecies.org/aphia.php?p=taxdetails&id=126733
F029,barbourisia-rufa,Barbourisia rufa,"Parr, 1945",WoRMS,159425,accepted,[],,[],Velvet whalefish,[],fish,Species,Chordata,Teleostei,Beryciformes,Barbourisiidae,120,2000,200,2000,"[""deep_sea"",""seafloor""]",[],common,1,"{""depth_min_m"":200,""depth_max_m"":2000,""habitat_tags"":[""deep_sea"",""seafloor""],""ocean_regions"":[],""respawn_cooldown_s"":12}",swim,10,,https://www.marinespecies.org/aphia.php?p=taxdetails&id=159425,https://www.fishbase.se/summary/Barbourisia-rufa.html,観察深度の出典記録は120–2000m。,https://www.fishbase.se/summary/Barbourisia-rufa.html,https://www.fishbase.se/summary/Barbourisia-rufa.html,2026-08-12,verified,source_checked_date=2026-08-06 | depth_evidence=FishBase: bathydemersal; reported depth range 120-2000 m. | size_note=Maximum 39 cm TL reported in FishBase. | visual_note=Velvety spinule-covered body; large mouth and projecting lower jaw. | image_rights=reference-only; rights verification required | spawn_depth_policy=observed-range intersection with 200-6000m | asset_status=reference-only; asset_id intentionally blank | synonyms=not asserted; only exact accepted WoRMS name was adopted | research_taxonomy_url_normalized=https://www.marinespecies.org/aphia.php?p=taxlist&tName=Barbourisia+rufa -> https://www.marinespecies.org/aphia.php?p=taxdetails&id=159425
F030,rondeletia-loricata,Rondeletia loricata,"Abe & Hotta, 1963",WoRMS,126412,accepted,[],,[],Redmouth whalefish,[],fish,Species,Chordata,Teleostei,Beryciformes,Rondeletiidae,100,3500,200,3500,"[""deep_sea"",""water_column""]",[],rare,0.35,"{""depth_min_m"":200,""depth_max_m"":3500,""habitat_tags"":[""deep_sea"",""water_column""],""ocean_regions"":[],""respawn_cooldown_s"":22}",swim,50,,https://www.marinespecies.org/aphia.php?p=taxdetails&id=126412,https://www.fishbase.se/summary/Rondeletia-loricata,観察深度の出典記録は100–3500m。,https://www.fishbase.se/summary/Rondeletia-loricata,https://www.fishbase.se/summary/Rondeletia-loricata,2026-08-12,verified,source_checked_date=2026-08-06 | depth_evidence=FishBase: bathypelagic; reported depth range 100-3500 m. | size_note=Maximum 11 cm SL reported in FishBase. | visual_note=Small streamlined whalefish; red mouth; no spine above eye. | image_rights=reference-only; rights verification required | spawn_depth_policy=observed-range intersection with 200-6000m | asset_status=reference-only; asset_id intentionally blank | synonyms=not asserted; only exact accepted WoRMS name was adopted | research_taxonomy_url_normalized=https://www.marinespecies.org/aphia.php?p=taxlist&tName=Rondeletia+loricata -> https://www.marinespecies.org/aphia.php?p=taxdetails&id=126412
F031,coryphaenoides-armatus,Coryphaenoides armatus,"(Hector, 1875)",WoRMS,158952,accepted,[],,[],Abyssal grenadier,[],fish,Species,Chordata,Teleostei,Gadiformes,Macrouridae,282,5180,282,5180,"[""deep_sea"",""water_column""]",[],very_rare,0.15,"{""depth_min_m"":282,""depth_max_m"":5180,""habitat_tags"":[""deep_sea"",""water_column""],""ocean_regions"":[],""respawn_cooldown_s"":30}",swim,75,,https://www.marinespecies.org/aphia.php?p=taxdetails&id=158952,https://www.fishbase.se/summary/Coryphaenoides-armatus.html,観察深度の出典記録は282–5180m。,https://www.fishbase.se/summary/Coryphaenoides-armatus.html,https://www.fishbase.se/summary/Coryphaenoides-armatus.html,2026-08-12,verified,source_checked_date=2026-08-06 | depth_evidence=FishBase: bathypelagic; reported depth range 282-5180 m. | size_note=Maximum 102 cm TL reported in FishBase. | visual_note=Large head and eyes; tapered rattail body; uniformly brown with bluish abdomen. | image_rights=reference-only; rights verification required | spawn_depth_policy=observed-range intersection with 200-6000m | asset_status=reference-only; asset_id intentionally blank | synonyms=not asserted; only exact accepted WoRMS name was adopted | research_taxonomy_url_normalized=https://www.marinespecies.org/aphia.php?p=taxlist&tName=Coryphaenoides+armatus -> https://www.marinespecies.org/aphia.php?p=taxdetails&id=158952
F032,coryphaenoides-rupestris,Coryphaenoides rupestris,"Gunnerus, 1765",WoRMS,158960,accepted,[],,[],Roundnose grenadier,[],fish,Species,Chordata,Teleostei,Gadiformes,Macrouridae,180,2600,200,2600,"[""deep_sea"",""water_column""]",[],uncommon,0.65,"{""depth_min_m"":200,""depth_max_m"":2600,""habitat_tags"":[""deep_sea"",""water_column""],""ocean_regions"":[],""respawn_cooldown_s"":16}",swim,25,,https://www.marinespecies.org/aphia.php?p=taxdetails&id=158960,https://www.fishbase.se/summary/Coryphaenoides-rupestris.html,観察深度の出典記録は180–2600m。,https://www.fishbase.se/summary/Coryphaenoides-rupestris.html,https://www.fishbase.se/summary/Coryphaenoides-rupestris.html,2026-08-12,verified,source_checked_date=2026-08-06 | depth_evidence=FishBase: bathypelagic; reported depth range 180-2600 m. | size_note=Maximum 110 cm TL reported in FishBase. | visual_note=Broad rounded snout; chin barbel; brown-gray rattail with dark mouth and fins. | image_rights=reference-only; rights verification required | spawn_depth_policy=observed-range intersection with 200-6000m | asset_status=reference-only; asset_id intentionally blank | synonyms=not asserted; only exact accepted WoRMS name was adopted | research_taxonomy_url_normalized=https://www.marinespecies.org/aphia.php?p=taxlist&tName=Coryphaenoides+rupestris -> https://www.marinespecies.org/aphia.php?p=taxdetails&id=158960
F033,coryphaenoides-acrolepis,Coryphaenoides acrolepis,"(Bean, 1884)",WoRMS,272313,accepted,[],,[],Pacific grenadier,[],fish,Species,Chordata,Teleostei,Gadiformes,Macrouridae,300,3700,300,3700,"[""deep_sea"",""seafloor""]",[],rare,0.35,"{""depth_min_m"":300,""depth_max_m"":3700,""habitat_tags"":[""deep_sea"",""seafloor""],""ocean_regions"":[],""respawn_cooldown_s"":22}",swim,50,,https://www.marinespecies.org/aphia.php?p=taxdetails&id=272313,https://www.fishbase.se/summary/Coryphaenoides-acrolepis.html,観察深度の出典記録は300–3700m。,https://www.fishbase.se/summary/Coryphaenoides-acrolepis.html,https://www.fishbase.se/summary/Coryphaenoides-acrolepis.html,2026-08-12,verified,source_checked_date=2026-08-06 | depth_evidence=FishBase: bathydemersal; reported depth range 300-3700 m. | size_note=Maximum 104 cm TL reported in FishBase. | visual_note=Large head and eyes; pointed snout with tubercular scales; chin barbel; tail tapering. | image_rights=reference-only; rights verification required | spawn_depth_policy=observed-range intersection with 200-6000m | asset_status=reference-only; asset_id intentionally blank | synonyms=not asserted; only exact accepted WoRMS name was adopted | research_taxonomy_url_normalized=https://www.marinespecies.org/aphia.php?p=taxlist&tName=Coryphaenoides+acrolepis -> https://www.marinespecies.org/aphia.php?p=taxdetails&id=272313
F034,macrourus-berglax,Macrourus berglax,"Lacepède, 1801",WoRMS,126472,accepted,[],,[],Roughhead grenadier,[],fish,Species,Chordata,Teleostei,Gadiformes,Macrouridae,100,1000,200,1000,"[""deep_sea"",""water_column""]",[],common,1,"{""depth_min_m"":200,""depth_max_m"":1000,""habitat_tags"":[""deep_sea"",""water_column""],""ocean_regions"":[],""respawn_cooldown_s"":12}",swim,10,,https://www.marinespecies.org/aphia.php?p=taxdetails&id=126472,https://www.fishbase.se/summary/Macrourus-berglax.html,観察深度の出典記録は100–1000m。,https://www.fishbase.se/summary/Macrourus-berglax.html,https://www.fishbase.se/summary/Macrourus-berglax.html,2026-08-12,verified,source_checked_date=2026-08-06 | depth_evidence=FishBase: benthopelagic; reported depth range 100-1000 m. | size_note=Maximum 110 cm TL reported in FishBase. | visual_note=Pointed snout; small inferior mouth; long tapering tail; gray coloration. | image_rights=reference-only; rights verification required | spawn_depth_policy=observed-range intersection with 200-6000m | asset_status=reference-only; asset_id intentionally blank | synonyms=not asserted; only exact accepted WoRMS name was adopted | research_taxonomy_url_normalized=https://www.marinespecies.org/aphia.php?p=taxlist&tName=Macrourus+berglax -> https://www.marinespecies.org/aphia.php?p=taxdetails&id=126472
F035,antimora-rostrata,Antimora rostrata,"(Günther, 1878)",WoRMS,126486,accepted,[],,[],Blue antimora,[],fish,Species,Chordata,Teleostei,Gadiformes,Moridae,350,3000,350,3000,"[""deep_sea"",""water_column""]",[],uncommon,0.65,"{""depth_min_m"":350,""depth_max_m"":3000,""habitat_tags"":[""deep_sea"",""water_column""],""ocean_regions"":[],""respawn_cooldown_s"":16}",swim,25,,https://www.marinespecies.org/aphia.php?p=taxdetails&id=126486,https://www.fishbase.se/summary/Antimora-rostrata.html,観察深度の出典記録は350–3000m。,https://www.fishbase.se/summary/Antimora-rostrata.html,https://www.fishbase.se/summary/Antimora-rostrata.html,2026-08-12,verified,source_checked_date=2026-08-06 | depth_evidence=FishBase: bathypelagic; reported depth range 350-3000 m. | size_note=Maximum 75 cm SL reported in FishBase. | visual_note=Cod-like body; relatively long snout; deep-water blue-gray silhouette. | image_rights=reference-only; rights verification required | spawn_depth_policy=observed-range intersection with 200-6000m | asset_status=reference-only; asset_id intentionally blank | synonyms=not asserted; only exact accepted WoRMS name was adopted | research_taxonomy_url_normalized=https://www.marinespecies.org/aphia.php?p=taxlist&tName=Antimora+rostrata -> https://www.marinespecies.org/aphia.php?p=taxdetails&id=126486
F036,mora-moro,Mora moro,"(Risso, 1810)",WoRMS,126497,accepted,[],,[],Common mora,[],fish,Species,Chordata,Teleostei,Gadiformes,Moridae,50,2500,200,2500,"[""deep_sea"",""water_column""]",[],uncommon,0.65,"{""depth_min_m"":200,""depth_max_m"":2500,""habitat_tags"":[""deep_sea"",""water_column""],""ocean_regions"":[],""respawn_cooldown_s"":16}",swim,25,,https://www.marinespecies.org/aphia.php?p=taxdetails&id=126497,https://www.fishbase.se/summary/Mora-moro.html,観察深度の出典記録は50–2500m。,https://www.fishbase.se/summary/Mora-moro.html,https://www.fishbase.se/summary/Mora-moro.html,2026-08-12,verified,source_checked_date=2026-08-06 | depth_evidence=FishBase: bathypelagic; reported depth range 50-2500 m. | size_note=Maximum 80 cm TL reported in FishBase. | visual_note=Cod-like body; big eyes; gray coloration; anal fin deeply indented. | image_rights=reference-only; rights verification required | spawn_depth_policy=observed-range intersection with 200-6000m | asset_status=reference-only; asset_id intentionally blank | synonyms=not asserted; only exact accepted WoRMS name was adopted | research_taxonomy_url_normalized=https://www.marinespecies.org/aphia.php?p=taxlist&tName=Mora+moro -> https://www.marinespecies.org/aphia.php?p=taxdetails&id=126497
F037,hoplostethus-atlanticus,Hoplostethus atlanticus,"Collett, 1889",WoRMS,126402,accepted,[],,[],Orange roughy,[],fish,Species,Chordata,Teleostei,Trachichthyiformes,Trachichthyidae,180,1809,200,1809,"[""deep_sea"",""water_column""]",[],common,1,"{""depth_min_m"":200,""depth_max_m"":1809,""habitat_tags"":[""deep_sea"",""water_column""],""ocean_regions"":[],""respawn_cooldown_s"":12}",swim,10,,https://www.marinespecies.org/aphia.php?p=taxdetails&id=126402,https://www.fishbase.se/summary/Hoplostethus-atlanticus.html,観察深度の出典記録は180–1809m。,https://www.fishbase.se/summary/Hoplostethus-atlanticus.html,https://www.fishbase.se/summary/Hoplostethus-atlanticus.html,2026-08-12,verified,source_checked_date=2026-08-06 | depth_evidence=FishBase: bathypelagic; reported depth range 180-1809 m. | size_note=Maximum 75 cm TL reported in FishBase. | visual_note=Short deep bright brick-red body; bluish-black mouth and gill cavity. | image_rights=reference-only; rights verification required | spawn_depth_policy=observed-range intersection with 200-6000m | asset_status=reference-only; asset_id intentionally blank | synonyms=not asserted; only exact accepted WoRMS name was adopted | research_taxonomy_url_normalized=https://www.marinespecies.org/aphia.php?p=taxlist&tName=Hoplostethus+atlanticus -> https://www.marinespecies.org/aphia.php?p=taxdetails&id=126402
F038,beryx-splendens,Beryx splendens,"Lowe, 1834",WoRMS,126395,accepted,[],キンメダイ,[],Splendid alfonsino,[],fish,Species,Chordata,Teleostei,Beryciformes,Berycidae,25,1300,200,1300,"[""deep_sea"",""water_column""]",[],common,1,"{""depth_min_m"":200,""depth_max_m"":1300,""habitat_tags"":[""deep_sea"",""water_column""],""ocean_regions"":[],""respawn_cooldown_s"":12}",swim,10,,https://www.marinespecies.org/aphia.php?p=taxdetails&id=126395,https://www.fishbase.se/summary/Beryx-splendens.html,観察深度の出典記録は25–1300m。,https://www.fishbase.se/summary/Beryx-splendens.html,https://www.fishbase.se/summary/Beryx-splendens.html,2026-08-12,verified,source_checked_date=2026-08-06 | depth_evidence=FishBase: benthopelagic; reported depth range 25-1300 m. | size_note=Maximum 70 cm TL reported in FishBase. | visual_note=Deep large red-orange body; large eyes; prominent spiny dorsal fin. | image_rights=reference-only; rights verification required | spawn_depth_policy=observed-range intersection with 200-6000m | asset_status=reference-only; asset_id intentionally blank | synonyms=not asserted; only exact accepted WoRMS name was adopted | research_taxonomy_url_normalized=https://www.marinespecies.org/aphia.php?p=taxlist&tName=Beryx+splendens -> https://www.marinespecies.org/aphia.php?p=taxdetails&id=126395
F039,aphanopus-carbo,Aphanopus carbo,"Lowe, 1839",WoRMS,127085,accepted,[],,[],Black scabbardfish,[],fish,Species,Chordata,Teleostei,Scombriformes,Trichiuridae,200,2300,200,2300,"[""deep_sea"",""water_column""]",[],common,1,"{""depth_min_m"":200,""depth_max_m"":2300,""habitat_tags"":[""deep_sea"",""water_column""],""ocean_regions"":[],""respawn_cooldown_s"":12}",swim,10,,https://www.marinespecies.org/aphia.php?p=taxdetails&id=127085,https://www.fishbase.se/summary/Aphanopus-carbo.html,観察深度の出典記録は200–2300m。,https://www.fishbase.se/summary/Aphanopus-carbo.html,https://www.fishbase.se/summary/Aphanopus-carbo.html,2026-08-12,verified,source_checked_date=2026-08-06 | depth_evidence=FishBase: bathypelagic; reported depth range 200-2300 m. | size_note=Maximum 151 cm TL reported in FishBase. | visual_note=Extremely long black or coppery cutlassfish body; fanged snout; long dorsal fin. | image_rights=reference-only; rights verification required | spawn_depth_policy=observed-range intersection with 200-6000m | asset_status=reference-only; asset_id intentionally blank | synonyms=not asserted; only exact accepted WoRMS name was adopted | research_taxonomy_url_normalized=https://www.marinespecies.org/aphia.php?p=taxlist&tName=Aphanopus+carbo -> https://www.marinespecies.org/aphia.php?p=taxdetails&id=127085
F040,psychrolutes-phrictus,Psychrolutes phrictus,"Stein & Bond, 1978",WoRMS,274678,accepted,[],,[],Blob sculpin,[],fish,Species,Chordata,Teleostei,Perciformes,Psychrolutidae,500,2800,500,2800,"[""deep_sea"",""seafloor""]",[],uncommon,0.65,"{""depth_min_m"":500,""depth_max_m"":2800,""habitat_tags"":[""deep_sea"",""seafloor""],""ocean_regions"":[],""respawn_cooldown_s"":16}",swim,25,,https://www.marinespecies.org/aphia.php?p=taxdetails&id=274678,https://www.fishbase.se/summary/Psychrolutes-phrictus.html,観察深度の出典記録は500–2800m。,https://www.fishbase.se/summary/Psychrolutes-phrictus.html,https://www.fishbase.se/summary/Psychrolutes-phrictus.html,2026-08-12,verified,source_checked_date=2026-08-06 | depth_evidence=FishBase: bathydemersal; reported depth range 500-2800 m. | size_note=Maximum 70 cm TL reported in FishBase. | visual_note=Soft-bodied blob sculpin; many small cirri on head and body; pale peritoneum. | image_rights=reference-only; rights verification required | spawn_depth_policy=observed-range intersection with 200-6000m | asset_status=reference-only; asset_id intentionally blank | synonyms=not asserted; only exact accepted WoRMS name was adopted | research_taxonomy_url_normalized=https://www.marinespecies.org/aphia.php?p=taxlist&tName=Psychrolutes+phrictus -> https://www.marinespecies.org/aphia.php?p=taxdetails&id=274678
F041,melanocetus-johnsonii,Melanocetus johnsonii,"Günther, 1864",WoRMS,126556,accepted,[],,[],Humpback anglerfish,[],fish,Species,Chordata,Teleostei,Lophiiformes,Melanocetidae,100,4500,200,4500,"[""deep_sea"",""water_column""]",[],rare,0.35,"{""depth_min_m"":200,""depth_max_m"":4500,""habitat_tags"":[""deep_sea"",""water_column""],""ocean_regions"":[],""respawn_cooldown_s"":22}",swim,50,,https://www.marinespecies.org/aphia.php?p=taxdetails&id=126556,https://www.fishbase.se/summary/Melanocetus-johnsonii.html,観察深度の出典記録は100–4500m。,https://www.fishbase.se/summary/Melanocetus-johnsonii.html,https://www.fishbase.se/summary/Melanocetus-johnsonii.html,2026-08-12,verified,source_checked_date=2026-08-06 | depth_evidence=FishBase: bathypelagic; reported depth range 100-4500 m. | size_note=Maximum 18 cm TL for female and 2.9 cm for male reported in FishBase. | visual_note=Short deep female; head lure (illicium and esca); skin covered with minute spines; tiny male. | image_rights=reference-only; rights verification required | spawn_depth_policy=observed-range intersection with 200-6000m | asset_status=reference-only; asset_id intentionally blank | synonyms=not asserted; only exact accepted WoRMS name was adopted | research_taxonomy_url_normalized=https://www.marinespecies.org/aphia.php?p=taxlist&tName=Melanocetus+johnsonii -> https://www.marinespecies.org/aphia.php?p=taxdetails&id=126556
F042,himantolophus-groenlandicus,Himantolophus groenlandicus,"Reinhardt, 1837",WoRMS,126545,accepted,[],,[],Atlantic footballfish,[],fish,Species,Chordata,Teleostei,Lophiiformes,Himantolophidae,200,1830,200,1830,"[""deep_sea"",""water_column""]",[],common,1,"{""depth_min_m"":200,""depth_max_m"":1830,""habitat_tags"":[""deep_sea"",""water_column""],""ocean_regions"":[],""respawn_cooldown_s"":12}",swim,10,,https://www.marinespecies.org/aphia.php?p=taxdetails&id=126545,https://www.fishbase.se/summary/Himantolophus-groenlandicus.html,観察深度の出典記録は200–1830m。,https://www.fishbase.se/summary/Himantolophus-groenlandicus.html,https://www.fishbase.se/summary/Himantolophus-groenlandicus.html,2026-08-12,verified,source_checked_date=2026-08-06 | depth_evidence=FishBase reports maximum depth 1830 m and usual depth 200-800 m; 200 m is a gameplay minimum. | size_note=Maximum 60 cm SL for female and 4 cm for male reported in FishBase. | visual_note=Short deep football-like female; thick lure stalk and terminal esca; tiny male. | image_rights=reference-only; rights verification required | spawn_depth_policy=observed-range intersection with 200-6000m | asset_status=reference-only; asset_id intentionally blank | synonyms=not asserted; only exact accepted WoRMS name was adopted | research_taxonomy_url_normalized=https://www.marinespecies.org/aphia.php?p=taxlist&tName=Himantolophus+groenlandicus -> https://www.marinespecies.org/aphia.php?p=taxdetails&id=126545
F043,linophryne-arborifera,Linophryne arborifera,"Regan, 1925",WoRMS,159181,accepted,[],,[],Linophryne arborifera,[],fish,Species,Chordata,Teleostei,Lophiiformes,Linophrynidae,200,1000,200,1000,"[""deep_sea"",""water_column""]",[],common,1,"{""depth_min_m"":200,""depth_max_m"":1000,""habitat_tags"":[""deep_sea"",""water_column""],""ocean_regions"":[],""respawn_cooldown_s"":12}",swim,10,,https://www.marinespecies.org/aphia.php?p=taxdetails&id=159181,https://www.fishbase.se/summary/Linophryne-arborifera.html,観察深度の出典記録は200–1000m。,https://www.fishbase.se/summary/Linophryne-arborifera.html,https://www.fishbase.se/summary/Linophryne-arborifera.html,2026-08-12,verified,source_checked_date=2026-08-06 | depth_evidence=FishBase: bathypelagic; reported depth range 200-1000 m. | size_note=Maximum 7.7 cm SL for female reported in FishBase. | visual_note=Tiny female deep-sea angler; head lure with complex appendages; strong sex dimorphism. | image_rights=reference-only; rights verification required | spawn_depth_policy=observed-range intersection with 200-6000m | asset_status=reference-only; asset_id intentionally blank | synonyms=not asserted; only exact accepted WoRMS name was adopted | research_taxonomy_url_normalized=https://www.marinespecies.org/aphia.php?p=taxlist&tName=Linophryne+arborifera -> https://www.marinespecies.org/aphia.php?p=taxdetails&id=159181
F044,ceratias-holboelli,Ceratias holboelli,"Krøyer, 1845",WoRMS,126537,accepted,[],,[],Kroyer's deep-sea angler fish,[],fish,Species,Chordata,Teleostei,Lophiiformes,Ceratiidae,400,4400,400,4400,"[""deep_sea"",""water_column""]",[],rare,0.35,"{""depth_min_m"":400,""depth_max_m"":4400,""habitat_tags"":[""deep_sea"",""water_column""],""ocean_regions"":[],""respawn_cooldown_s"":22}",swim,50,,https://www.marinespecies.org/aphia.php?p=taxdetails&id=126537,https://www.fishbase.se/summary/Ceratias-holboelli.html,観察深度の出典記録は400–4400m。,https://www.fishbase.se/summary/Ceratias-holboelli.html,https://www.fishbase.se/summary/Ceratias-holboelli.html,2026-08-12,verified,source_checked_date=2026-08-06 | depth_evidence=FishBase: bathypelagic; reported depth range 400-4400 m. | size_note=Maximum 120 cm TL for female and 16 cm for male reported in FishBase. | visual_note=Warty deep-sea angler; luminous lure; very large female versus tiny male. | image_rights=reference-only; rights verification required | spawn_depth_policy=observed-range intersection with 200-6000m | asset_status=reference-only; asset_id intentionally blank | synonyms=not asserted; only exact accepted WoRMS name was adopted | research_taxonomy_url_normalized=https://www.marinespecies.org/aphia.php?p=taxlist&tName=Ceratias+holboelli -> https://www.marinespecies.org/aphia.php?p=taxdetails&id=126537
F045,chimaera-monstrosa,Chimaera monstrosa,"Linnaeus, 1758",WoRMS,105824,accepted,[],,[],Rabbit fish,[],fish,Species,Chordata,Holocephali,Chimaeriformes,Chimaeridae,40,1400,200,1400,"[""deep_sea"",""seafloor""]",[],common,1,"{""depth_min_m"":200,""depth_max_m"":1400,""habitat_tags"":[""deep_sea"",""seafloor""],""ocean_regions"":[],""respawn_cooldown_s"":12}",swim,10,,https://www.marinespecies.org/aphia.php?p=taxdetails&id=105824,https://www.fishbase.se/summary/Chimaera-monstrosa.html,観察深度の出典記録は40–1400m。,https://www.fishbase.se/summary/Chimaera-monstrosa.html,https://www.fishbase.se/summary/Chimaera-monstrosa.html,2026-08-12,verified,source_checked_date=2026-08-06 | depth_evidence=FishBase: bathydemersal; reported depth range 40-1400 m. | size_note=Maximum 150 cm TL reported in FishBase. | visual_note=Elongate chimaera; large pectoral fins; single sharp dorsal spine; long tapering tail. | image_rights=reference-only; rights verification required | spawn_depth_policy=observed-range intersection with 200-6000m | asset_status=reference-only; asset_id intentionally blank | synonyms=not asserted; only exact accepted WoRMS name was adopted | research_taxonomy_url_normalized=https://www.marinespecies.org/aphia.php?p=taxlist&tName=Chimaera+monstrosa -> https://www.marinespecies.org/aphia.php?p=taxdetails&id=105824
F046,hydrolagus-colliei,Hydrolagus colliei,"(Lay & Bennett, 1839)",WoRMS,271406,accepted,[],,[],Spotted ratfish,[],fish,Species,Chordata,Holocephali,Chimaeriformes,Chimaeridae,0,913,200,913,"[""deep_sea"",""seafloor""]",[],common,1,"{""depth_min_m"":200,""depth_max_m"":913,""habitat_tags"":[""deep_sea"",""seafloor""],""ocean_regions"":[],""respawn_cooldown_s"":12}",swim,10,,https://www.marinespecies.org/aphia.php?p=taxdetails&id=271406,https://www.fishbase.se/summary/Hydrolagus-colliei.html,観察深度の出典記録は0–913m。,https://www.fishbase.se/summary/Hydrolagus-colliei.html,https://www.fishbase.se/summary/Hydrolagus-colliei.html,2026-08-12,verified,source_checked_date=2026-08-06 | depth_evidence=FishBase: bathydemersal; reported depth range 0-913 m. | size_note=Maximum 100 cm TL reported in FishBase. | visual_note=Blunt snout; brown or reddish-brown body with small white spots; dorsal spine. | image_rights=reference-only; rights verification required | spawn_depth_policy=observed-range intersection with 200-6000m | asset_status=reference-only; asset_id intentionally blank | synonyms=not asserted; only exact accepted WoRMS name was adopted | research_taxonomy_url_normalized=https://www.marinespecies.org/aphia.php?p=taxlist&tName=Hydrolagus+colliei -> https://www.marinespecies.org/aphia.php?p=taxdetails&id=271406
F047,harriotta-raleighana,Harriotta raleighana,"Goode & Bean, 1895",WoRMS,105829,accepted,[],,[],Pacific longnose chimaera,[],fish,Species,Chordata,Holocephali,Chimaeriformes,Rhinochimaeridae,200,3100,200,3100,"[""deep_sea"",""seafloor""]",[],uncommon,0.65,"{""depth_min_m"":200,""depth_max_m"":3100,""habitat_tags"":[""deep_sea"",""seafloor""],""ocean_regions"":[],""respawn_cooldown_s"":16}",swim,25,,https://www.marinespecies.org/aphia.php?p=taxdetails&id=105829,https://www.fishbase.se/summary/Harriotta-raleighana.html,観察深度の出典記録は200–3100m。,https://www.fishbase.se/summary/Harriotta-raleighana.html,https://www.fishbase.se/summary/Harriotta-raleighana.html,2026-08-12,verified,source_checked_date=2026-08-06 | depth_evidence=FishBase: bathydemersal; reported depth range 200-3100 m. | size_note=Maximum 120 cm OT (tail filament excluded) reported in FishBase. | visual_note=Very long pointed snout; low first dorsal fin; large fleshy clasper in male; tail filament excluded from length. | image_rights=reference-only; rights verification required | spawn_depth_policy=observed-range intersection with 200-6000m | asset_status=reference-only; asset_id intentionally blank | synonyms=not asserted; only exact accepted WoRMS name was adopted | research_taxonomy_url_normalized=https://www.marinespecies.org/aphia.php?p=taxlist&tName=Harriotta+raleighana -> https://www.marinespecies.org/aphia.php?p=taxdetails&id=105829
F048,etmopterus-spinax,Etmopterus spinax,"(Linnaeus, 1758)",WoRMS,105913,accepted,[],,[],Velvet belly,[],fish,Species,Chordata,Elasmobranchii,Squaliformes,Etmopteridae,70,2490,200,2490,"[""deep_sea"",""seafloor""]",[],common,1,"{""depth_min_m"":200,""depth_max_m"":2490,""habitat_tags"":[""deep_sea"",""seafloor""],""ocean_regions"":[],""respawn_cooldown_s"":12}",swim,10,,https://www.marinespecies.org/aphia.php?p=taxdetails&id=105913,https://www.fishbase.se/summary/Etmopterus-spinax.html,観察深度の出典記録は70–2490m。,https://www.fishbase.se/summary/Etmopterus-spinax.html,https://www.fishbase.se/summary/Etmopterus-spinax.html,2026-08-12,verified,source_checked_date=2026-08-06 | depth_evidence=FishBase: bathydemersal; reported depth range 70-2490 m. | size_note=Maximum 60 cm TL reported in FishBase. | visual_note=Slender black lantern shark; light-producing organs on belly; dorsal spines. | image_rights=reference-only; rights verification required | spawn_depth_policy=observed-range intersection with 200-6000m | asset_status=reference-only; asset_id intentionally blank | synonyms=not asserted; only exact accepted WoRMS name was adopted | research_taxonomy_url_normalized=https://www.marinespecies.org/aphia.php?p=taxlist&tName=Etmopterus+spinax -> https://www.marinespecies.org/aphia.php?p=taxdetails&id=105913
F049,etmopterus-perryi,Etmopterus perryi,"Springer & Burgess, 1985",WoRMS,271637,accepted,[],,[],Dwarf lantern shark,[],fish,Species,Chordata,Elasmobranchii,Squaliformes,Etmopteridae,230,530,230,530,"[""deep_sea"",""water_column""]",[],common,1,"{""depth_min_m"":230,""depth_max_m"":530,""habitat_tags"":[""deep_sea"",""water_column""],""ocean_regions"":[],""respawn_cooldown_s"":12}",swim,10,,https://www.marinespecies.org/aphia.php?p=taxdetails&id=271637,https://www.fishbase.se/summary/Etmopterus-perryi.html,観察深度の出典記録は230–530m。,https://www.fishbase.se/summary/Etmopterus-perryi.html,https://www.fishbase.se/summary/Etmopterus-perryi.html,2026-08-12,verified,source_checked_date=2026-08-06 | depth_evidence=FishBase: pelagic-oceanic; reported depth range 230-530 m. | size_note=Maximum 20 cm TL for female and 17 cm for male reported in FishBase. | visual_note=Very tiny shark; flattened head and snout; bold light-dark pattern and spots. | image_rights=reference-only; rights verification required | spawn_depth_policy=observed-range intersection with 200-6000m | asset_status=reference-only; asset_id intentionally blank | synonyms=not asserted; only exact accepted WoRMS name was adopted | research_taxonomy_url_normalized=https://www.marinespecies.org/aphia.php?p=taxlist&tName=Etmopterus+perryi -> https://www.marinespecies.org/aphia.php?p=taxdetails&id=271637
F050,centroscyllium-fabricii,Centroscyllium fabricii,"(Reinhardt, 1825)",WoRMS,105906,accepted,[],,[],Black dogfish,[],fish,Species,Chordata,Elasmobranchii,Squaliformes,Etmopteridae,180,2250,200,2250,"[""deep_sea"",""seafloor""]",[],common,1,"{""depth_min_m"":200,""depth_max_m"":2250,""habitat_tags"":[""deep_sea"",""seafloor""],""ocean_regions"":[],""respawn_cooldown_s"":12}",swim,10,,https://www.marinespecies.org/aphia.php?p=taxdetails&id=105906,https://www.fishbase.se/summary/Centroscyllium-fabricii.html,観察深度の出典記録は180–2250m。,https://www.fishbase.se/summary/Centroscyllium-fabricii.html,https://www.fishbase.se/summary/Centroscyllium-fabricii.html,2026-08-12,verified,source_checked_date=2026-08-06 | depth_evidence=FishBase reports usual bathydemersal depth of 180-2250 m. | size_note=Maximum 107 cm TL reported in FishBase. | visual_note=Uniformly black adult shark; luminescent skin organs; young have white fin margins. | image_rights=reference-only; rights verification required | spawn_depth_policy=observed-range intersection with 200-6000m | asset_status=reference-only; asset_id intentionally blank | synonyms=not asserted; only exact accepted WoRMS name was adopted | research_taxonomy_url_normalized=https://www.marinespecies.org/aphia.php?p=taxlist&tName=Centroscyllium+fabricii -> https://www.marinespecies.org/aphia.php?p=taxdetails&id=105906
F051,centroscymnus-coelolepis,Centroscymnus coelolepis,"Barbosa du Bocage & de Brito Capello, 1864",WoRMS,105907,accepted,[],,[],Portuguese dogfish,[],fish,Species,Chordata,Elasmobranchii,Squaliformes,Somniosidae,128,3700,200,3700,"[""deep_sea"",""seafloor""]",[],rare,0.35,"{""depth_min_m"":200,""depth_max_m"":3700,""habitat_tags"":[""deep_sea"",""seafloor""],""ocean_regions"":[],""respawn_cooldown_s"":22}",swim,50,,https://www.marinespecies.org/aphia.php?p=taxdetails&id=105907,https://www.fishbase.se/summary/Centroscymnus-coelolepis.html,観察深度の出典記録は128–3700m。,https://www.fishbase.se/summary/Centroscymnus-coelolepis.html,https://www.fishbase.se/summary/Centroscymnus-coelolepis.html,2026-08-12,verified,source_checked_date=2026-08-06 | depth_evidence=FishBase: bathydemersal; reported depth range 128-3700 m. | size_note=Maximum 121 cm TL reported in FishBase. | visual_note=Dark sleeper shark; concave skin denticles; dorsal fin spines. | image_rights=reference-only; rights verification required | spawn_depth_policy=observed-range intersection with 200-6000m | asset_status=reference-only; asset_id intentionally blank | synonyms=not asserted; only exact accepted WoRMS name was adopted | research_taxonomy_url_normalized=https://www.marinespecies.org/aphia.php?p=taxlist&tName=Centroscymnus+coelolepis -> https://www.marinespecies.org/aphia.php?p=taxdetails&id=105907
F052,somniosus-microcephalus,Somniosus microcephalus,"(Bloch & Schneider, 1801)",WoRMS,105919,accepted,[],ニシオンデンザメ,[],Greenland shark,[],fish,Species,Chordata,Elasmobranchii,Squaliformes,Somniosidae,0,2992,200,2992,"[""deep_sea"",""water_column""]",[],uncommon,0.65,"{""depth_min_m"":200,""depth_max_m"":2992,""habitat_tags"":[""deep_sea"",""water_column""],""ocean_regions"":[],""respawn_cooldown_s"":16}",swim,25,,https://www.marinespecies.org/aphia.php?p=taxdetails&id=105919,https://www.fishbase.se/summary/Somniosus-microcephalus.html,観察深度の出典記録は0–2992m。,https://www.fishbase.se/summary/Somniosus-microcephalus.html,https://www.fishbase.se/summary/Somniosus-microcephalus.html,2026-08-12,verified,source_checked_date=2026-08-06 | depth_evidence=FishBase: benthopelagic; reported depth range 0-2992 m. | size_note=Maximum 550 cm TL for female reported in FishBase; larger historical reports need separate verification. | visual_note=Huge heavy-bodied gray-brown sleeper shark; small low dorsals; rounded snout. | image_rights=reference-only; rights verification required | spawn_depth_policy=observed-range intersection with 200-6000m | asset_status=reference-only; asset_id intentionally blank | synonyms=not asserted; only exact accepted WoRMS name was adopted | research_taxonomy_url_normalized=https://www.marinespecies.org/aphia.php?p=taxlist&tName=Somniosus+microcephalus -> https://www.marinespecies.org/aphia.php?p=taxdetails&id=105919
F053,chlamydoselachus-anguineus,Chlamydoselachus anguineus,"Garman, 1884",WoRMS,105831,accepted,[],ラブカ,[],Frilled shark,[],fish,Species,Chordata,Elasmobranchii,Hexanchiformes,Chlamydoselachidae,0,1570,200,1570,"[""deep_sea"",""seafloor""]",[],common,1,"{""depth_min_m"":200,""depth_max_m"":1570,""habitat_tags"":[""deep_sea"",""seafloor""],""ocean_regions"":[],""respawn_cooldown_s"":12}",swim,10,,https://www.marinespecies.org/aphia.php?p=taxdetails&id=105831,https://www.fishbase.se/summary/Chlamydoselachus-anguineus.html,観察深度の出典記録は0–1570m。,https://www.fishbase.se/summary/Chlamydoselachus-anguineus.html,https://www.fishbase.se/summary/Chlamydoselachus-anguineus.html,2026-08-12,verified,source_checked_date=2026-08-06 | depth_evidence=FishBase: bathydemersal; reported depth range 0-1570 m. | size_note=Maximum 200 cm TL reported in FishBase. | visual_note=Eel-like shark; frilled gill openings around throat; single dorsal fin set far back. | image_rights=reference-only; rights verification required | spawn_depth_policy=observed-range intersection with 200-6000m | asset_status=reference-only; asset_id intentionally blank | synonyms=not asserted; only exact accepted WoRMS name was adopted | research_taxonomy_url_normalized=https://www.marinespecies.org/aphia.php?p=taxlist&tName=Chlamydoselachus+anguineus -> https://www.marinespecies.org/aphia.php?p=taxdetails&id=105831
F054,mitsukurina-owstoni,Mitsukurina owstoni,"Jordan, 1898",WoRMS,105842,accepted,[],ミツクリザメ,[],Goblin shark,[],fish,Species,Chordata,Elasmobranchii,Lamniformes,Mitsukurinidae,30,1300,200,1300,"[""deep_sea"",""seafloor""]",[],common,1,"{""depth_min_m"":200,""depth_max_m"":1300,""habitat_tags"":[""deep_sea"",""seafloor""],""ocean_regions"":[],""respawn_cooldown_s"":12}",swim,10,,https://www.marinespecies.org/aphia.php?p=taxdetails&id=105842,https://www.fishbase.se/summary/Mitsukurina-owstoni.html,観察深度の出典記録は30–1300m。,https://www.fishbase.se/summary/Mitsukurina-owstoni.html,https://www.fishbase.se/summary/Mitsukurina-owstoni.html,2026-08-12,verified,source_checked_date=2026-08-06 | depth_evidence=FishBase: bathydemersal; reported depth range 30-1300 m. | size_note=Maximum 617 cm TL reported in FishBase. | visual_note=Long flat blade-like snout; soft pinkish body; protrusible jaws with long teeth. | image_rights=reference-only; rights verification required | spawn_depth_policy=observed-range intersection with 200-6000m | asset_status=reference-only; asset_id intentionally blank | synonyms=not asserted; only exact accepted WoRMS name was adopted | research_taxonomy_url_normalized=https://www.marinespecies.org/aphia.php?p=taxlist&tName=Mitsukurina+owstoni -> https://www.marinespecies.org/aphia.php?p=taxdetails&id=105842
F055,pseudotriakis-microdon,Pseudotriakis microdon,"de Brito Capello, 1868",WoRMS,105805,accepted,[],,[],False catshark,[],fish,Species,Chordata,Elasmobranchii,Carcharhiniformes,Pseudotriakidae,173,1890,200,1890,"[""deep_sea"",""seafloor""]",[],common,1,"{""depth_min_m"":200,""depth_max_m"":1890,""habitat_tags"":[""deep_sea"",""seafloor""],""ocean_regions"":[],""respawn_cooldown_s"":12}",swim,10,,https://www.marinespecies.org/aphia.php?p=taxdetails&id=105805,https://www.fishbase.se/summary/Pseudotriakis-microdon.html,観察深度の出典記録は173–1890m。,https://www.fishbase.se/summary/Pseudotriakis-microdon.html,https://www.fishbase.se/summary/Pseudotriakis-microdon.html,2026-08-12,verified,source_checked_date=2026-08-06 | depth_evidence=FishBase: bathydemersal; reported depth range 173-1890 m. | size_note=Maximum 295 cm TL for female and 269 cm for male reported in FishBase. | visual_note=Large dark brown-gray shark; very small lower caudal lobe; many small teeth. | image_rights=reference-only; rights verification required | spawn_depth_policy=observed-range intersection with 200-6000m | asset_status=reference-only; asset_id intentionally blank | synonyms=not asserted; only exact accepted WoRMS name was adopted | research_taxonomy_url_normalized=https://www.marinespecies.org/aphia.php?p=taxlist&tName=Pseudotriakis+microdon -> https://www.marinespecies.org/aphia.php?p=taxdetails&id=105805
F056,hexanchus-griseus,Hexanchus griseus,"(Bonnaterre, 1788)",WoRMS,105833,accepted,[],,[],Bluntnose sixgill shark,[],fish,Species,Chordata,Elasmobranchii,Hexanchiformes,Hexanchidae,0,2500,200,2500,"[""deep_sea"",""seafloor""]",[],uncommon,0.65,"{""depth_min_m"":200,""depth_max_m"":2500,""habitat_tags"":[""deep_sea"",""seafloor""],""ocean_regions"":[],""respawn_cooldown_s"":16}",swim,25,,https://www.marinespecies.org/aphia.php?p=taxdetails&id=105833,https://www.fishbase.se/summary/Hexanchus-griseus.html,観察深度の出典記録は0–2500m。,https://www.fishbase.se/summary/Hexanchus-griseus.html,https://www.fishbase.se/summary/Hexanchus-griseus.html,2026-08-12,verified,source_checked_date=2026-08-06 | depth_evidence=FishBase: bathydemersal; reported depth range 0-2500 m. | size_note=Maximum 600 cm TL reported in FishBase. | visual_note=Large gray shark; six gill slits; broad head and single dorsal fin set rearward. | image_rights=reference-only; rights verification required | spawn_depth_policy=observed-range intersection with 200-6000m | asset_status=reference-only; asset_id intentionally blank | synonyms=not asserted; only exact accepted WoRMS name was adopted | research_taxonomy_url_normalized=https://www.marinespecies.org/aphia.php?p=taxlist&tName=Hexanchus+griseus -> https://www.marinespecies.org/aphia.php?p=taxdetails&id=105833
F057,amblyraja-hyperborea,Amblyraja hyperborea,"(Collett, 1879)",WoRMS,105863,accepted,[],,[],Arctic skate,[],fish,Species,Chordata,Elasmobranchii,Rajiformes,Rajidae,92,2925,200,2925,"[""deep_sea"",""seafloor""]",[],uncommon,0.65,"{""depth_min_m"":200,""depth_max_m"":2925,""habitat_tags"":[""deep_sea"",""seafloor""],""ocean_regions"":[],""respawn_cooldown_s"":16}",swim,25,,https://www.marinespecies.org/aphia.php?p=taxdetails&id=105863,https://www.fishbase.se/summary/Amblyraja-hyperborea.html,観察深度の出典記録は92–2925m。,https://www.fishbase.se/summary/Amblyraja-hyperborea.html,https://www.fishbase.se/summary/Amblyraja-hyperborea.html,2026-08-12,verified,source_checked_date=2026-08-06 | depth_evidence=FishBase: bathydemersal; reported depth range 92-2925 m. | size_note=Maximum 112 cm TL reported in FishBase. | visual_note=Flat ray disc; short tail; large dark blotches and midline thorns. | image_rights=reference-only; rights verification required | spawn_depth_policy=observed-range intersection with 200-6000m | asset_status=reference-only; asset_id intentionally blank | synonyms=not asserted; only exact accepted WoRMS name was adopted | research_taxonomy_url_normalized=https://www.marinespecies.org/aphia.php?p=taxlist&tName=Amblyraja+hyperborea -> https://www.marinespecies.org/aphia.php?p=taxdetails&id=105863
I001,atolla-wyvillei,Atolla wyvillei,"Haeckel, 1880",WoRMS,135282,accepted,[],,[],Atolla jelly,[],gelatinous_plankton,Species,Cnidaria,Scyphozoa,Coronatae,Atollidae,0,5203,200,5203,"[""deep_sea"",""water_column""]",[],very_rare,0.15,"{""depth_min_m"":200,""depth_max_m"":5203,""habitat_tags"":[""deep_sea"",""water_column""],""ocean_regions"":[],""respawn_cooldown_s"":30}",drift,75,,https://www.marinespecies.org/aphia.php?p=taxdetails&id=135282,https://api.obis.org/v3/occurrence?taxonid=135282&size=1000,観察深度の出典記録は0–5203m。,https://api.obis.org/v3/occurrence?taxonid=135282&size=1000,https://www.marinespecies.org/DeepSea/aphia.php?p=image&pic=32024&tid=135282,2026-08-12,verified,source_checked_date=2026-08-06 | depth_evidence=OBIS returned-record depth envelope; 0 m can be tow interval | size_note=bell about 8 cm | visual_note=coronate bell with radial lappets and one enlarged tentacle | image_rights=reference-only; rights verification required | spawn_depth_policy=observed-range intersection with 200-6000m | asset_status=reference-only; asset_id intentionally blank | synonyms=not asserted; only exact accepted WoRMS name was adopted
I002,atolla-reynoldsi,Atolla reynoldsi,"Matsumoto, Christianson, Robison, Haddock & Johnson, 2022",WoRMS,1568662,accepted,[],,[],Reynolds' deep-sea crown jelly,[],gelatinous_plankton,Species,Cnidaria,Scyphozoa,Coronatae,Atollidae,1133,5832,1133,5832,"[""deep_sea"",""water_column""]",[],very_rare,0.15,"{""depth_min_m"":1133,""depth_max_m"":5832,""habitat_tags"":[""deep_sea"",""water_column""],""ocean_regions"":[],""respawn_cooldown_s"":30}",drift,75,,https://www.marinespecies.org/aphia.php?p=taxdetails&id=1568662,https://api.obis.org/v3/occurrence?taxonid=1568662&size=1000,観察深度の出典記録は1133–5832m。,https://api.obis.org/v3/occurrence?taxonid=1568662&size=1000,https://www.marinespecies.org/photogallery.php?album=676&pic=160313,2026-08-12,verified,source_checked_date=2026-08-06 | depth_evidence=OBIS returned-record depth envelope from 5 records | size_note=bell diameter 8.5 cm in type-image caption | visual_note=spiny lappet margins with coiled tentacles | image_rights=reference-only; rights verification required | spawn_depth_policy=observed-range intersection with 200-6000m | asset_status=reference-only; asset_id intentionally blank | synonyms=not asserted; only exact accepted WoRMS name was adopted
I003,periphylla-periphylla,Periphylla periphylla,"(Péron & Lesueur, 1810)",WoRMS,135294,accepted,[],,[],Helmet jelly,[],gelatinous_plankton,Species,Cnidaria,Scyphozoa,Coronatae,Periphyllidae,0,4332,200,4332,"[""deep_sea"",""water_column""]",[],rare,0.35,"{""depth_min_m"":200,""depth_max_m"":4332,""habitat_tags"":[""deep_sea"",""water_column""],""ocean_regions"":[],""respawn_cooldown_s"":22}",drift,50,,https://www.marinespecies.org/aphia.php?p=taxdetails&id=135294,https://api.obis.org/v3/occurrence?taxonid=135294&size=1000,観察深度の出典記録は0–4332m。,https://api.obis.org/v3/occurrence?taxonid=135294&size=1000,https://www.marinespecies.org/DeepSea/aphia.php?p=image&pic=38282&tid=135294,2026-08-12,verified,source_checked_date=2026-08-06 | depth_evidence=OBIS returned-record depth envelope; 0 m can be tow interval | size_note=bell commonly 10 to 35 cm | visual_note=dark red bell with twelve marginal tentacles | image_rights=reference-only; rights verification required | spawn_depth_policy=observed-range intersection with 200-6000m | asset_status=reference-only; asset_id intentionally blank | synonyms=not asserted; only exact accepted WoRMS name was adopted
I004,stygiomedusa-gigantea,Stygiomedusa gigantea,"(Browne, 1910)",WoRMS,135311,accepted,[],,[],Giant phantom jelly,[],gelatinous_plankton,Species,Cnidaria,Scyphozoa,Semaeostomeae,Ulmaridae,0,6669,200,6000,"[""deep_sea"",""water_column""]",[],very_rare,0.15,"{""depth_min_m"":200,""depth_max_m"":6000,""habitat_tags"":[""deep_sea"",""water_column""],""ocean_regions"":[],""respawn_cooldown_s"":30}",drift,75,,https://www.marinespecies.org/aphia.php?p=taxdetails&id=135311,https://api.obis.org/v3/occurrence?taxonid=135311&size=1000,観察深度の出典記録は0–6669m。,https://api.obis.org/v3/occurrence?taxonid=135311&size=1000,https://www.marinespecies.org/DeepSea/aphia.php?p=image&pic=186432&tid=135311,2026-08-12,verified,source_checked_date=2026-08-06 | depth_evidence=OBIS returned-record depth envelope; 0 m can be tow interval | size_note=bell to about 100 cm and oral arms to 10 m | visual_note=large red bell with four broad ribbonlike oral arms | image_rights=reference-only; rights verification required | spawn_depth_policy=observed-range intersection with 200-6000m | asset_status=reference-only; asset_id intentionally blank | synonyms=not asserted; only exact accepted WoRMS name was adopted
I005,tiburonia-granrojo,Tiburonia granrojo,"Matsumoto, Raskoff & Lindsay, 2003",WoRMS,291224,accepted,[],,[],Big red jelly,[],gelatinous_plankton,Species,Cnidaria,Scyphozoa,Semaeostomeae,Ulmaridae,288,1093,288,1093,"[""deep_sea"",""water_column""]",[],common,1,"{""depth_min_m"":288,""depth_max_m"":1093,""habitat_tags"":[""deep_sea"",""water_column""],""ocean_regions"":[],""respawn_cooldown_s"":12}",drift,10,,https://www.marinespecies.org/aphia.php?p=taxdetails&id=291224,https://api.obis.org/v3/occurrence?taxonid=291224&size=1000,観察深度の出典記録は288–1093m。,https://api.obis.org/v3/occurrence?taxonid=291224&size=1000,https://www.marinespecies.org/DeepSea/aphia.php?p=image&pic=80792&tid=291224,2026-08-12,verified,source_checked_date=2026-08-06 | depth_evidence=OBIS returned-record depth envelope from 19 records | size_note=bell to about 75 cm | visual_note=deep red bell with several thick oral arms rather than fine tentacles | image_rights=reference-only; rights verification required | spawn_depth_policy=observed-range intersection with 200-6000m | asset_status=reference-only; asset_id intentionally blank | synonyms=not asserted; only exact accepted WoRMS name was adopted
I006,bathykorus-bouilloni,Bathykorus bouilloni,"Raskoff, 2010",WoRMS,458859,accepted,[],,[],Deep-sea jelly,[],gelatinous_plankton,Species,Cnidaria,Hydrozoa,Narcomedusae,Aeginidae,765,10000,765,6000,"[""deep_sea"",""water_column""]",[],legendary,0.05,"{""depth_min_m"":765,""depth_max_m"":6000,""habitat_tags"":[""deep_sea"",""water_column""],""ocean_regions"":[],""respawn_cooldown_s"":40}",drift,100,,https://www.marinespecies.org/aphia.php?p=taxdetails&id=458859,https://api.obis.org/v3/occurrence?taxonid=458859&size=1000,観察深度の出典記録は765–10000m。,https://api.obis.org/v3/occurrence?taxonid=458859&size=1000,https://www.marinespecies.org/DeepSea/aphia.php?p=image&pic=64171&tid=458859,2026-08-12,verified,source_checked_date=2026-08-06 | depth_evidence=OBIS returned-record depth envelope from 51 records | size_note=bell about 5 cm | visual_note=small dark red to orange medusa with a tall gelatinous bell | image_rights=reference-only; rights verification required | spawn_depth_policy=observed-range intersection with 200-6000m | asset_status=reference-only; asset_id intentionally blank | synonyms=not asserted; only exact accepted WoRMS name was adopted
I007,crossota-millsae,Crossota millsae,"Thuesen, 2003",WoRMS,285347,accepted,[],,[],Psychedelic medusa,[],gelatinous_plankton,Species,Cnidaria,Hydrozoa,Trachymedusae,Rhopalonematidae,553,3952,553,3952,"[""deep_sea"",""water_column""]",[],rare,0.35,"{""depth_min_m"":553,""depth_max_m"":3952,""habitat_tags"":[""deep_sea"",""water_column""],""ocean_regions"":[],""respawn_cooldown_s"":22}",drift,50,,https://www.marinespecies.org/aphia.php?p=taxdetails&id=285347,https://api.obis.org/v3/occurrence?taxonid=285347&size=1000,観察深度の出典記録は553–3952m。,https://api.obis.org/v3/occurrence?taxonid=285347&size=1000,https://dsg.mbari.org/dsg/view/concept/Crossota%20millsae,2026-08-12,verified,source_checked_date=2026-08-06 | depth_evidence=OBIS returned-record depth envelope from 58 records | size_note=bell about 5 cm | visual_note=transparent bell with vivid radial digestive structures and trailing tentacles | image_rights=reference-only; rights verification required | spawn_depth_policy=observed-range intersection with 200-6000m | asset_status=reference-only; asset_id intentionally blank | synonyms=not asserted; only exact accepted WoRMS name was adopted
I008,halitrephes-maasi,Halitrephes maasi,"Bigelow, 1909",WoRMS,117622,accepted,[],,[],Maas's jelly,[],gelatinous_plankton,Species,Cnidaria,Hydrozoa,Trachymedusae,Halicreatidae,0,5300,200,5300,"[""deep_sea"",""water_column""]",[],very_rare,0.15,"{""depth_min_m"":200,""depth_max_m"":5300,""habitat_tags"":[""deep_sea"",""water_column""],""ocean_regions"":[],""respawn_cooldown_s"":30}",drift,75,,https://www.marinespecies.org/aphia.php?p=taxdetails&id=117622,https://api.obis.org/v3/occurrence?taxonid=117622&size=1000,観察深度の出典記録は0–5300m。,https://api.obis.org/v3/occurrence?taxonid=117622&size=1000,https://dsg.mbari.org/dsg/view/concept/Halitrephes%20maasi,2026-08-12,verified,source_checked_date=2026-08-06 | depth_evidence=OBIS returned-record depth envelope; 0 m can be tow interval | size_note=bell about 5 to 10 cm | visual_note=clear bell showing orange red radial canals | image_rights=reference-only; rights verification required | spawn_depth_policy=observed-range intersection with 200-6000m | asset_status=reference-only; asset_id intentionally blank | synonyms=not asserted; only exact accepted WoRMS name was adopted
I009,colobonema-sericeum,Colobonema sericeum,"Vanhöffen, 1902",WoRMS,117854,accepted,[],,[],Silky jelly,[],gelatinous_plankton,Species,Cnidaria,Hydrozoa,Trachymedusae,Rhopalonematidae,0,5600,200,5600,"[""deep_sea"",""water_column""]",[],very_rare,0.15,"{""depth_min_m"":200,""depth_max_m"":5600,""habitat_tags"":[""deep_sea"",""water_column""],""ocean_regions"":[],""respawn_cooldown_s"":30}",drift,75,,https://www.marinespecies.org/aphia.php?p=taxdetails&id=117854,https://api.obis.org/v3/occurrence?taxonid=117854&size=1000,観察深度の出典記録は0–5600m。,https://api.obis.org/v3/occurrence?taxonid=117854&size=1000,https://www.marinespecies.org/DeepSea/aphia.php?p=image&pic=120619&tid=117854,2026-08-12,verified,source_checked_date=2026-08-06 | depth_evidence=OBIS returned-record depth envelope; 0 m can be tow interval | size_note=bell about 5 to 10 cm | visual_note=delicate clear bell with many long fine tentacles | image_rights=reference-only; rights verification required | spawn_depth_policy=observed-range intersection with 200-6000m | asset_status=reference-only; asset_id intentionally blank | synonyms=not asserted; only exact accepted WoRMS name was adopted
I010,bathocyroe-fosteri,Bathocyroe fosteri,"Madin & Harbison, 1978",WoRMS,265828,accepted,[],,[],Lobate comb jelly,[],gelatinous_plankton,Species,Ctenophora,Tentaculata,Lobata,Bathocyroidae,0,1469,200,1469,"[""deep_sea"",""water_column""]",[],common,1,"{""depth_min_m"":200,""depth_max_m"":1469,""habitat_tags"":[""deep_sea"",""water_column""],""ocean_regions"":[],""respawn_cooldown_s"":12}",drift,10,,https://www.marinespecies.org/aphia.php?p=taxdetails&id=265828,https://api.obis.org/v3/occurrence?taxonid=265828&size=1000,観察深度の出典記録は0–1469m。,https://api.obis.org/v3/occurrence?taxonid=265828&size=1000,https://dsg.mbari.org/dsg/view/concept/Bathocyroe%20fosteri,2026-08-12,verified,source_checked_date=2026-08-06 | depth_evidence=OBIS returned-record depth envelope; 0 m can be tow interval | size_note=body to about 10 cm | visual_note=paired oral lobes and iridescent comb rows | image_rights=reference-only; rights verification required | spawn_depth_policy=observed-range intersection with 200-6000m | asset_status=reference-only; asset_id intentionally blank | synonyms=not asserted; only exact accepted WoRMS name was adopted
I011,lampocteis-cruentiventer,Lampocteis cruentiventer,"Harbison, Matsumoto & Robison, 2001",WoRMS,265955,accepted,[],,[],Bloody-belly comb jelly,[],gelatinous_plankton,Species,Ctenophora,Tentaculata,Lobata,Lampoctenidae,0,4210,200,4210,"[""deep_sea"",""water_column""]",[],rare,0.35,"{""depth_min_m"":200,""depth_max_m"":4210,""habitat_tags"":[""deep_sea"",""water_column""],""ocean_regions"":[],""respawn_cooldown_s"":22}",drift,50,,https://www.marinespecies.org/aphia.php?p=taxdetails&id=265955,https://api.obis.org/v3/occurrence?taxonid=265955&size=1000,観察深度の出典記録は0–4210m。,https://api.obis.org/v3/occurrence?taxonid=265955&size=1000,https://dsg.mbari.org/dsg/view/concept/Lampocteis%20cruentiventer,2026-08-12,verified,source_checked_date=2026-08-06 | depth_evidence=OBIS returned-record depth envelope; 0 m can be tow interval | size_note=body to about 10 cm | visual_note=transparent lobate body with a conspicuous crimson gut | image_rights=reference-only; rights verification required | spawn_depth_policy=observed-range intersection with 200-6000m | asset_status=reference-only; asset_id intentionally blank | synonyms=not asserted; only exact accepted WoRMS name was adopted
I012,thalassocalyce-inconstans,Thalassocalyce inconstans,"Madin & Harbison, 1978",WoRMS,265827,accepted,[],,[],Thalassocalyce comb jelly,[],gelatinous_plankton,Species,Ctenophora,Tentaculata,Thalassocalycida,Thalassocalycidae,0,785,200,785,"[""deep_sea"",""water_column""]",[],common,1,"{""depth_min_m"":200,""depth_max_m"":785,""habitat_tags"":[""deep_sea"",""water_column""],""ocean_regions"":[],""respawn_cooldown_s"":12}",drift,10,,https://www.marinespecies.org/aphia.php?p=taxdetails&id=265827,https://api.obis.org/v3/occurrence?taxonid=265827&size=1000,観察深度の出典記録は0–785m。,https://api.obis.org/v3/occurrence?taxonid=265827&size=1000,https://www.marinespecies.org/DeepSea/aphia.php?p=image&pic=38367&tid=265827,2026-08-12,verified,source_checked_date=2026-08-06 | depth_evidence=OBIS returned-record depth envelope; 0 m can be tow interval | size_note=body about 10 cm | visual_note=hemispherical transparent lobate body with comb rows | image_rights=reference-only; rights verification required | spawn_depth_policy=observed-range intersection with 200-6000m | asset_status=reference-only; asset_id intentionally blank | synonyms=not asserted; only exact accepted WoRMS name was adopted
I013,kiyohimea-usagi,Kiyohimea usagi,"Matsumoto & Robison, 1992",WoRMS,265954,accepted,[],,[],Usagi comb jelly,[],gelatinous_plankton,Species,Ctenophora,Tentaculata,Lobata,Kiyohimeidae,288,800,288,800,"[""deep_sea"",""water_column""]",[],common,1,"{""depth_min_m"":288,""depth_max_m"":800,""habitat_tags"":[""deep_sea"",""water_column""],""ocean_regions"":[],""respawn_cooldown_s"":12}",drift,10,,https://www.marinespecies.org/aphia.php?p=taxdetails&id=265954,https://api.obis.org/v3/occurrence?taxonid=265954&size=1000,観察深度の出典記録は288–800m。,https://api.obis.org/v3/occurrence?taxonid=265954&size=1000,https://dsg.mbari.org/dsg/view/concept/Kiyohimea%20usagi,2026-08-12,verified,source_checked_date=2026-08-06 | depth_evidence=OBIS returned-record depth envelope from 8 records | size_note=body about 10 cm | visual_note=gelatinous lobes with bright orange internal gut | image_rights=reference-only; rights verification required | spawn_depth_policy=observed-range intersection with 200-6000m | asset_status=reference-only; asset_id intentionally blank | synonyms=not asserted; only exact accepted WoRMS name was adopted
I014,bathyctena-chuni,Bathyctena chuni,"(Moser, 1909)",WoRMS,265844,accepted,[],,[],Bathyctena comb jelly,[],gelatinous_plankton,Species,Ctenophora,Tentaculata,Cydippida,Bathyctenidae,50,3398,200,3398,"[""deep_sea"",""water_column""]",[],uncommon,0.65,"{""depth_min_m"":200,""depth_max_m"":3398,""habitat_tags"":[""deep_sea"",""water_column""],""ocean_regions"":[],""respawn_cooldown_s"":16}",drift,25,,https://www.marinespecies.org/aphia.php?p=taxdetails&id=265844,https://api.obis.org/v3/occurrence?taxonid=265844&size=1000,観察深度の出典記録は50–3398m。,https://api.obis.org/v3/occurrence?taxonid=265844&size=1000,https://dsg.mbari.org/dsg/view/concept/Bathyctena%20chuni,2026-08-12,verified,source_checked_date=2026-08-06 | depth_evidence=OBIS returned-record depth envelope from 50 records | size_note=body about 5 cm | visual_note=small transparent lobate comb jelly with visible comb rows | image_rights=reference-only; rights verification required | spawn_depth_policy=observed-range intersection with 200-6000m | asset_status=reference-only; asset_id intentionally blank | synonyms=not asserted; only exact accepted WoRMS name was adopted
I015,bathochordaeus-charon,Bathochordaeus charon,"Chun, 1900",WoRMS,103394,accepted,[],,[],Giant larvacean,[],gelatinous_plankton,Species,Chordata,Appendicularia,Copelata,Oikopleuridae,268,410,268,410,"[""deep_sea"",""water_column""]",[],common,1,"{""depth_min_m"":268,""depth_max_m"":410,""habitat_tags"":[""deep_sea"",""water_column""],""ocean_regions"":[],""respawn_cooldown_s"":12}",drift,10,,https://www.marinespecies.org/aphia.php?p=taxdetails&id=103394,https://api.obis.org/v3/occurrence?taxonid=103394&size=1000,観察深度の出典記録は268–410m。,https://api.obis.org/v3/occurrence?taxonid=103394&size=1000,https://dsg.mbari.org/dsg/view/concept/Bathochordaeus%20charon,2026-08-12,verified,source_checked_date=2026-08-06 | depth_evidence=OBIS returned-record depth envelope from available records | size_note=animal body a few cm and mucus house over 1 m | visual_note=tadpolelike body inside a large mesh mucus filter house | image_rights=reference-only; rights verification required | spawn_depth_policy=observed-range intersection with 200-6000m | asset_status=reference-only; asset_id intentionally blank | synonyms=not asserted; only exact accepted WoRMS name was adopted
I016,marrus-orthocanna,Marrus orthocanna,"(Kramp, 1942)",WoRMS,135494,accepted,[],,[],String jelly,[],gelatinous_plankton,Species,Cnidaria,Hydrozoa,Siphonophorae,Agalmatidae,1,2010,200,2010,"[""deep_sea"",""water_column""]",[],common,1,"{""depth_min_m"":200,""depth_max_m"":2010,""habitat_tags"":[""deep_sea"",""water_column""],""ocean_regions"":[],""respawn_cooldown_s"":12}",drift,10,,https://www.marinespecies.org/aphia.php?p=taxdetails&id=135494,https://api.obis.org/v3/occurrence?taxonid=135494&size=1000,観察深度の出典記録は1–2010m。,https://api.obis.org/v3/occurrence?taxonid=135494&size=1000,https://www.marinespecies.org/DeepSea/aphia.php?p=image&pic=64169&tid=135494,2026-08-12,verified,source_checked_date=2026-08-06 | depth_evidence=OBIS returned-record depth envelope; 0 m can be tow interval | size_note=colonial body can exceed 1 m | visual_note=vertical siphonophore colony with swimming bells and fishing tentacles | image_rights=reference-only; rights verification required | spawn_depth_policy=observed-range intersection with 200-6000m | asset_status=reference-only; asset_id intentionally blank | synonyms=not asserted; only exact accepted WoRMS name was adopted
I017,erenna-richardi,Erenna richardi,"Bedot, 1904",WoRMS,135487,accepted,[],,[],Siphonophore,[],gelatinous_plankton,Species,Cnidaria,Hydrozoa,Siphonophorae,Erennidae,0,3500,200,3500,"[""deep_sea"",""water_column""]",[],rare,0.35,"{""depth_min_m"":200,""depth_max_m"":3500,""habitat_tags"":[""deep_sea"",""water_column""],""ocean_regions"":[],""respawn_cooldown_s"":22}",drift,50,,https://www.marinespecies.org/aphia.php?p=taxdetails&id=135487,https://api.obis.org/v3/occurrence?taxonid=135487&size=1000,観察深度の出典記録は0–3500m。,https://api.obis.org/v3/occurrence?taxonid=135487&size=1000,https://dsg.mbari.org/dsg/view/concept/Erenna%20richardi,2026-08-12,verified,source_checked_date=2026-08-06 | depth_evidence=OBIS returned-record depth envelope; 0 m can be tow interval | size_note=colonial length variable | visual_note=long narrow colonial body with reddish feeding tentilla | image_rights=reference-only; rights verification required | spawn_depth_policy=observed-range intersection with 200-6000m | asset_status=reference-only; asset_id intentionally blank | synonyms=not asserted; only exact accepted WoRMS name was adopted
I018,bathyphysa-conifera,Bathyphysa conifera,"(Studer, 1878)",WoRMS,135480,accepted,[],,[],Cone siphonophore,[],gelatinous_plankton,Species,Cnidaria,Hydrozoa,Siphonophorae,Rhizophysidae,4022,4022,4022,4022,"[""deep_sea"",""water_column""]",[],very_rare,0.15,"{""depth_min_m"":4022,""depth_max_m"":4022,""habitat_tags"":[""deep_sea"",""water_column""],""ocean_regions"":[],""respawn_cooldown_s"":30}",drift,75,,https://www.marinespecies.org/aphia.php?p=taxdetails&id=135480,https://api.obis.org/v3/occurrence?taxonid=135480&size=1000,観察深度の出典記録は4022–4022m。,https://api.obis.org/v3/occurrence?taxonid=135480&size=1000,https://dsg.mbari.org/dsg/view/concept/Bathyphysa%20conifera,2026-08-12,verified,source_checked_date=2026-08-06 | depth_evidence=OBIS reported depth from 2 records | size_note=colonial length variable | visual_note=elongate stemmed colony with a dense siphosome and long fishing filaments | image_rights=reference-only; rights verification required | spawn_depth_policy=observed-range intersection with 200-6000m | asset_status=reference-only; asset_id intentionally blank | synonyms=not asserted; only exact accepted WoRMS name was adopted
I019,praya-dubia,Praya dubia,"(Quoy & Gaimard, 1833)",WoRMS,135466,accepted,[],,[],Giant siphonophore,[],gelatinous_plankton,Species,Cnidaria,Hydrozoa,Siphonophorae,Prayidae,0,3625,200,3625,"[""deep_sea"",""water_column""]",[],rare,0.35,"{""depth_min_m"":200,""depth_max_m"":3625,""habitat_tags"":[""deep_sea"",""water_column""],""ocean_regions"":[],""respawn_cooldown_s"":22}",drift,50,,https://www.marinespecies.org/aphia.php?p=taxdetails&id=135466,https://api.obis.org/v3/occurrence?taxonid=135466&size=1000,観察深度の出典記録は0–3625m。,https://api.obis.org/v3/occurrence?taxonid=135466&size=1000,https://dsg.mbari.org/dsg/view/concept/Praya%20dubia,2026-08-12,verified,source_checked_date=2026-08-06 | depth_evidence=OBIS returned-record depth envelope; 0 m can be tow interval | size_note=colonial length can reach many metres | visual_note=pair of swimming nectophores leading an extremely long transparent colony | image_rights=reference-only; rights verification required | spawn_depth_policy=observed-range intersection with 200-6000m | asset_status=reference-only; asset_id intentionally blank | synonyms=not asserted; only exact accepted WoRMS name was adopted
I020,bathochordaeus-mcnutti,Bathochordaeus mcnutti,"Sherlock, Walz, Schlining & Robison, 2017",WoRMS,1027018,accepted,[],,[],Blue-tailed giant larvacean,[],gelatinous_plankton,Species,Chordata,Appendicularia,Copelata,Oikopleuridae,50,1400,200,1400,"[""deep_sea"",""water_column""]",[],common,1,"{""depth_min_m"":200,""depth_max_m"":1400,""habitat_tags"":[""deep_sea"",""water_column""],""ocean_regions"":[],""respawn_cooldown_s"":12}",drift,10,,https://www.marinespecies.org/aphia.php?p=taxdetails&id=1027018,https://pmc.ncbi.nlm.nih.gov/articles/PMC5159439/,観察深度の出典記録は50–1400m。,https://pmc.ncbi.nlm.nih.gov/articles/PMC5159439/,https://dsg.mbari.org/dsg/view/concept/Oikopleuridae,2026-08-12,verified,source_checked_date=2026-08-06 | depth_evidence=MBARI video reports usual 90 to 120 m and rare records to 1400 m | size_note=adult body 3 to 10 cm and mucus house about 1 m | visual_note=small trunk with a blue tail outline inside a large mucus filter house | image_rights=reference-only; rights verification required | spawn_depth_policy=observed-range intersection with 200-6000m | asset_status=reference-only; asset_id intentionally blank | synonyms=not asserted; only exact accepted WoRMS name was adopted
I021,architeuthis-dux,Architeuthis dux,"Steenstrup, 1857",WoRMS,342218,accepted,[],ダイオウイカ,[],Giant squid,[],squid,Species,Mollusca,Cephalopoda,Oegopsida,Architeuthidae,0,1585,200,1585,"[""deep_sea"",""water_column""]",[],common,1,"{""depth_min_m"":200,""depth_max_m"":1585,""habitat_tags"":[""deep_sea"",""water_column""],""ocean_regions"":[],""respawn_cooldown_s"":12}",swim,10,,https://www.marinespecies.org/aphia.php?p=taxdetails&id=342218,https://api.obis.org/v3/occurrence?taxonid=342218&size=1000,観察深度の出典記録は0–1585m。,https://api.obis.org/v3/occurrence?taxonid=342218&size=1000,https://www.fao.org/docrep/014/i1920e/i1920e.pdf,2026-08-12,verified,source_checked_date=2026-08-06 | depth_evidence=OBIS returned-record depth envelope; 0 m can be tow interval | size_note=mantle to about 2 m and total length over 10 m | visual_note=very long feeding tentacles with large sucker clubs | image_rights=reference-only; rights verification required | spawn_depth_policy=observed-range intersection with 200-6000m | asset_status=reference-only; asset_id intentionally blank | synonyms=not asserted; only exact accepted WoRMS name was adopted
I022,mesonychoteuthis-hamiltoni,Mesonychoteuthis hamiltoni,"G. C. Robson, 1925",WoRMS,325299,accepted,[],,[],Colossal squid,[],squid,Species,Mollusca,Cephalopoda,Oegopsida,Cranchiidae,50,3111,200,3111,"[""deep_sea"",""water_column""]",[],uncommon,0.65,"{""depth_min_m"":200,""depth_max_m"":3111,""habitat_tags"":[""deep_sea"",""water_column""],""ocean_regions"":[],""respawn_cooldown_s"":16}",swim,25,,https://www.marinespecies.org/aphia.php?p=taxdetails&id=325299,https://api.obis.org/v3/occurrence?taxonid=325299&size=1000,観察深度の出典記録は50–3111m。,https://api.obis.org/v3/occurrence?taxonid=325299&size=1000,https://www.fao.org/docrep/014/i1920e/i1920e.pdf,2026-08-12,verified,source_checked_date=2026-08-06 | depth_evidence=OBIS returned-record depth envelope from 53 records | size_note=mantle to about 2.5 m and mass over 400 kg | visual_note=broad mantle with huge eyes and hooks on tentacle clubs | image_rights=reference-only; rights verification required | spawn_depth_policy=observed-range intersection with 200-6000m | asset_status=reference-only; asset_id intentionally blank | synonyms=not asserted; only exact accepted WoRMS name was adopted
I023,magnapinna-atlantica,Magnapinna atlantica,"Vecchione & R. E. Young, 2006",WoRMS,342363,accepted,[],,[],Atlantic bigfin squid,[],squid,Species,Mollusca,Cephalopoda,Oegopsida,Magnapinnidae,1000,4800,1000,4800,"[""deep_sea"",""water_column""]",[],rare,0.35,"{""depth_min_m"":1000,""depth_max_m"":4800,""habitat_tags"":[""deep_sea"",""water_column""],""ocean_regions"":[],""respawn_cooldown_s"":22}",swim,50,,https://www.marinespecies.org/aphia.php?p=taxdetails&id=342363,https://doi.org/10.2988/0006-324x(2006)119%5B365%3Atsfmmc%5D2.0.co%3B2,観察深度の出典記録は1000–4800m。,https://doi.org/10.2988/0006-324x(2006)119%5B365%3Atsfmmc%5D2.0.co%3B2,https://www.fao.org/docrep/014/i1920e/i1920e.pdf,2026-08-12,verified,source_checked_date=2026-08-06 | depth_evidence=reported deep-sea sighting range in taxonomic literature | size_note=mantle about 25 cm with arm filaments several metres | visual_note=long arm and tentacle filaments bend at near right angles | image_rights=reference-only; rights verification required | spawn_depth_policy=observed-range intersection with 200-6000m | asset_status=reference-only; asset_id intentionally blank | synonyms=not asserted; only exact accepted WoRMS name was adopted | research_depth_url_normalized=https://doi.org/10.1111/j.1096-3642.2006.00277.x -> https://doi.org/10.2988/0006-324x(2006)119%5B365%3Atsfmmc%5D2.0.co%3B2
I024,vampyroteuthis-infernalis,Vampyroteuthis infernalis,"Chun, 1903",WoRMS,141887,accepted,[],コウモリダコ,[],Vampire squid,[],squid,Species,Mollusca,Cephalopoda,Vampyromorpha,Vampyroteuthidae,0,7800,200,6000,"[""deep_sea"",""water_column""]",[],legendary,0.05,"{""depth_min_m"":200,""depth_max_m"":6000,""habitat_tags"":[""deep_sea"",""water_column""],""ocean_regions"":[],""respawn_cooldown_s"":40}",swim,100,,https://www.marinespecies.org/aphia.php?p=taxdetails&id=141887,https://api.obis.org/v3/occurrence?taxonid=141887&size=1000,観察深度の出典記録は0–7800m。,https://api.obis.org/v3/occurrence?taxonid=141887&size=1000,https://www.fao.org/docrep/014/i1920e/i1920e.pdf,2026-08-12,verified,source_checked_date=2026-08-06 | depth_evidence=OBIS returned-record depth envelope; 0 m can be tow interval | size_note=total length about 30 cm | visual_note=dark red webbed arms with photophores and large blue eyes | image_rights=reference-only; rights verification required | spawn_depth_policy=observed-range intersection with 200-6000m | asset_status=reference-only; asset_id intentionally blank | synonyms=not asserted; only exact accepted WoRMS name was adopted
I025,histioteuthis-reversa,Histioteuthis reversa,"(A. E. Verrill, 1880)",WoRMS,181381,accepted,[],,[],Reverse jewel squid,[],squid,Species,Mollusca,Cephalopoda,Oegopsida,Histioteuthidae,0,4332,200,4332,"[""deep_sea"",""water_column""]",[],rare,0.35,"{""depth_min_m"":200,""depth_max_m"":4332,""habitat_tags"":[""deep_sea"",""water_column""],""ocean_regions"":[],""respawn_cooldown_s"":22}",swim,50,,https://www.marinespecies.org/aphia.php?p=taxdetails&id=181381,https://api.obis.org/v3/occurrence?taxonid=181381&size=1000,観察深度の出典記録は0–4332m。,https://api.obis.org/v3/occurrence?taxonid=181381&size=1000,https://www.fao.org/docrep/014/i1920e/i1920e.pdf,2026-08-12,verified,source_checked_date=2026-08-06 | depth_evidence=OBIS returned-record depth envelope; 0 m can be tow interval | size_note=mantle about 25 cm | visual_note=asymmetrical eyes and dense photophores over the mantle | image_rights=reference-only; rights verification required | spawn_depth_policy=observed-range intersection with 200-6000m | asset_status=reference-only; asset_id intentionally blank | synonyms=not asserted; only exact accepted WoRMS name was adopted
I026,histioteuthis-heteropsis,Histioteuthis heteropsis,"(S. S. Berry, 1913)",WoRMS,341868,accepted,[],,[],Strawberry squid,[],squid,Species,Mollusca,Cephalopoda,Oegopsida,Histioteuthidae,0,1480,200,1480,"[""deep_sea"",""water_column""]",[],common,1,"{""depth_min_m"":200,""depth_max_m"":1480,""habitat_tags"":[""deep_sea"",""water_column""],""ocean_regions"":[],""respawn_cooldown_s"":12}",swim,10,,https://www.marinespecies.org/aphia.php?p=taxdetails&id=341868,https://api.obis.org/v3/occurrence?taxonid=341868&size=1000,観察深度の出典記録は0–1480m。,https://api.obis.org/v3/occurrence?taxonid=341868&size=1000,https://www.fao.org/docrep/014/i1920e/i1920e.pdf,2026-08-12,verified,source_checked_date=2026-08-06 | depth_evidence=OBIS returned-record depth envelope; 0 m can be tow interval | size_note=mantle about 30 cm | visual_note=one enlarged eye and a mantle studded with photophores | image_rights=reference-only; rights verification required | spawn_depth_policy=observed-range intersection with 200-6000m | asset_status=reference-only; asset_id intentionally blank | synonyms=not asserted; only exact accepted WoRMS name was adopted
I027,taningia-danae,Taningia danae,"Joubin, 1931",WoRMS,140609,accepted,[],,[],Dana octopus squid,[],squid,Species,Mollusca,Cephalopoda,Oegopsida,Octopoteuthidae,0,2489,200,2489,"[""deep_sea"",""water_column""]",[],common,1,"{""depth_min_m"":200,""depth_max_m"":2489,""habitat_tags"":[""deep_sea"",""water_column""],""ocean_regions"":[],""respawn_cooldown_s"":12}",swim,10,,https://www.marinespecies.org/aphia.php?p=taxdetails&id=140609,https://api.obis.org/v3/occurrence?taxonid=140609&size=1000,観察深度の出典記録は0–2489m。,https://api.obis.org/v3/occurrence?taxonid=140609&size=1000,https://www.fao.org/docrep/014/i1920e/i1920e.pdf,2026-08-12,verified,source_checked_date=2026-08-06 | depth_evidence=OBIS returned-record depth envelope; 0 m can be tow interval | size_note=mantle to about 1.7 m | visual_note=two very large bioluminescent photophores on the arm tips | image_rights=reference-only; rights verification required | spawn_depth_policy=observed-range intersection with 200-6000m | asset_status=reference-only; asset_id intentionally blank | synonyms=not asserted; only exact accepted WoRMS name was adopted
I028,taonius-pavo,Taonius pavo,"(Lesueur, 1821)",WoRMS,139428,accepted,[],,[],Peacock squid,[],squid,Species,Mollusca,Cephalopoda,Oegopsida,Cranchiidae,0,3449,200,3449,"[""deep_sea"",""water_column""]",[],uncommon,0.65,"{""depth_min_m"":200,""depth_max_m"":3449,""habitat_tags"":[""deep_sea"",""water_column""],""ocean_regions"":[],""respawn_cooldown_s"":16}",swim,25,,https://www.marinespecies.org/aphia.php?p=taxdetails&id=139428,https://api.obis.org/v3/occurrence?taxonid=139428&size=1000,観察深度の出典記録は0–3449m。,https://api.obis.org/v3/occurrence?taxonid=139428&size=1000,https://www.fao.org/docrep/014/i1920e/i1920e.pdf,2026-08-12,verified,source_checked_date=2026-08-06 | depth_evidence=OBIS returned-record depth envelope; 0 m can be tow interval | size_note=mantle about 50 cm | visual_note=large eyes and a gelatinous translucent mantle in young stages | image_rights=reference-only; rights verification required | spawn_depth_policy=observed-range intersection with 200-6000m | asset_status=reference-only; asset_id intentionally blank | synonyms=not asserted; only exact accepted WoRMS name was adopted
I029,galiteuthis-phyllura,Galiteuthis phyllura,"S. S. Berry, 1911",WoRMS,341807,accepted,[],,[],Cranchiidae squid,[],squid,Species,Mollusca,Cephalopoda,Oegopsida,Cranchiidae,0,2226,200,2226,"[""deep_sea"",""water_column""]",[],common,1,"{""depth_min_m"":200,""depth_max_m"":2226,""habitat_tags"":[""deep_sea"",""water_column""],""ocean_regions"":[],""respawn_cooldown_s"":12}",swim,10,,https://www.marinespecies.org/aphia.php?p=taxdetails&id=341807,https://api.obis.org/v3/occurrence?taxonid=341807&size=1000,観察深度の出典記録は0–2226m。,https://api.obis.org/v3/occurrence?taxonid=341807&size=1000,https://www.fao.org/docrep/014/i1920e/i1920e.pdf,2026-08-12,verified,source_checked_date=2026-08-06 | depth_evidence=OBIS returned-record depth envelope; 0 m can be tow interval | size_note=mantle about 40 cm | visual_note=gelatinous transparent body with a long pointed tail | image_rights=reference-only; rights verification required | spawn_depth_policy=observed-range intersection with 200-6000m | asset_status=reference-only; asset_id intentionally blank | synonyms=not asserted; only exact accepted WoRMS name was adopted
I030,gonatus-onyx,Gonatus onyx,"R. E. Young, 1972",WoRMS,341859,accepted,[],,[],Clawed armhook squid,[],squid,Species,Mollusca,Cephalopoda,Oegopsida,Gonatidae,0,1289,200,1289,"[""deep_sea"",""water_column""]",[],common,1,"{""depth_min_m"":200,""depth_max_m"":1289,""habitat_tags"":[""deep_sea"",""water_column""],""ocean_regions"":[],""respawn_cooldown_s"":12}",swim,10,,https://www.marinespecies.org/aphia.php?p=taxdetails&id=341859,https://api.obis.org/v3/occurrence?taxonid=341859&size=1000,観察深度の出典記録は0–1289m。,https://api.obis.org/v3/occurrence?taxonid=341859&size=1000,https://www.fao.org/docrep/014/i1920e/i1920e.pdf,2026-08-12,verified,source_checked_date=2026-08-06 | depth_evidence=OBIS returned-record depth envelope; 0 m can be tow interval | size_note=mantle about 18 cm | visual_note=muscular dark mantle with hooks on the arms | image_rights=reference-only; rights verification required | spawn_depth_policy=observed-range intersection with 200-6000m | asset_status=reference-only; asset_id intentionally blank | synonyms=not asserted; only exact accepted WoRMS name was adopted
I031,chiroteuthis-calyx,Chiroteuthis calyx,"R. E. Young, 1972",WoRMS,341796,accepted,[],,[],Calyx squid,[],squid,Species,Mollusca,Cephalopoda,Oegopsida,Chiroteuthidae,0,1829,200,1829,"[""deep_sea"",""water_column""]",[],common,1,"{""depth_min_m"":200,""depth_max_m"":1829,""habitat_tags"":[""deep_sea"",""water_column""],""ocean_regions"":[],""respawn_cooldown_s"":12}",swim,10,,https://www.marinespecies.org/aphia.php?p=taxdetails&id=341796,https://api.obis.org/v3/occurrence?taxonid=341796&size=1000,観察深度の出典記録は0–1829m。,https://api.obis.org/v3/occurrence?taxonid=341796&size=1000,https://www.fao.org/docrep/014/i1920e/i1920e.pdf,2026-08-12,verified,source_checked_date=2026-08-06 | depth_evidence=OBIS returned-record depth envelope; 0 m can be tow interval | size_note=mantle about 20 cm with a long tail | visual_note=elongate neck and tail with oversized eyes | image_rights=reference-only; rights verification required | spawn_depth_policy=observed-range intersection with 200-6000m | asset_status=reference-only; asset_id intentionally blank | synonyms=not asserted; only exact accepted WoRMS name was adopted
I032,bathyteuthis-abyssicola,Bathyteuthis abyssicola,"Hoyle, 1885",WoRMS,138848,accepted,[],,[],Deep-sea squid,[],squid,Species,Mollusca,Cephalopoda,Bathyteuthida,Bathyteuthidae,0,5014,200,5014,"[""deep_sea"",""water_column""]",[],very_rare,0.15,"{""depth_min_m"":200,""depth_max_m"":5014,""habitat_tags"":[""deep_sea"",""water_column""],""ocean_regions"":[],""respawn_cooldown_s"":30}",swim,75,,https://www.marinespecies.org/aphia.php?p=taxdetails&id=138848,https://api.obis.org/v3/occurrence?taxonid=138848&size=1000,観察深度の出典記録は0–5014m。,https://api.obis.org/v3/occurrence?taxonid=138848&size=1000,https://www.fao.org/docrep/014/i1920e/i1920e.pdf,2026-08-12,verified,source_checked_date=2026-08-06 | depth_evidence=OBIS returned-record depth envelope; 0 m can be tow interval | size_note=mantle about 10 cm | visual_note=compact pointed mantle with broad fins and stout arms | image_rights=reference-only; rights verification required | spawn_depth_policy=observed-range intersection with 200-6000m | asset_status=reference-only; asset_id intentionally blank | synonyms=not asserted; only exact accepted WoRMS name was adopted
I033,joubiniteuthis-portieri,Joubiniteuthis portieri,"(Joubin, 1916)",WoRMS,879785,accepted,[],,[],Joubin's squid,[],squid,Species,Mollusca,Cephalopoda,Oegopsida,Joubiniteuthidae,0,2259,200,2259,"[""deep_sea"",""water_column""]",[],common,1,"{""depth_min_m"":200,""depth_max_m"":2259,""habitat_tags"":[""deep_sea"",""water_column""],""ocean_regions"":[],""respawn_cooldown_s"":12}",swim,10,,https://www.marinespecies.org/aphia.php?p=taxdetails&id=879785,https://api.obis.org/v3/occurrence?taxonid=879785&size=500,観察深度の出典記録は0–2259m。,https://api.obis.org/v3/occurrence?taxonid=879785&size=500,https://www.fao.org/docrep/014/i1920e/i1920e.pdf,2026-08-12,verified,source_checked_date=2026-08-06 | depth_evidence=OBIS returned-record depth envelope; 0 m can be tow interval | size_note=mantle about 30 cm | visual_note=slender elongate squid with a pointed tail and long tentacles | image_rights=reference-only; rights verification required | spawn_depth_policy=observed-range intersection with 200-6000m | asset_status=reference-only; asset_id intentionally blank | synonyms=not asserted; only exact accepted WoRMS name was adopted
I034,mastigoteuthis-flammea,Mastigoteuthis flammea,"Chun, 1908",WoRMS,181383,accepted,[],,[],Fire whip-lash squid,[],squid,Species,Mollusca,Cephalopoda,Oegopsida,Mastigoteuthidae,0,1000,200,1000,"[""deep_sea"",""water_column""]",[],common,1,"{""depth_min_m"":200,""depth_max_m"":1000,""habitat_tags"":[""deep_sea"",""water_column""],""ocean_regions"":[],""respawn_cooldown_s"":12}",swim,10,,https://www.marinespecies.org/aphia.php?p=taxdetails&id=181383,https://api.obis.org/v3/occurrence?taxonid=181383&size=500,観察深度の出典記録は0–1000m。,https://api.obis.org/v3/occurrence?taxonid=181383&size=500,https://www.fao.org/docrep/014/i1920e/i1920e.pdf,2026-08-12,verified,source_checked_date=2026-08-06 | depth_evidence=OBIS returned-record depth envelope from 6 records | size_note=mantle about 25 cm with very long tentacles | visual_note=slender body and whip-like elongate tentacles | image_rights=reference-only; rights verification required | spawn_depth_policy=observed-range intersection with 200-6000m | asset_status=reference-only; asset_id intentionally blank | synonyms=not asserted; only exact accepted WoRMS name was adopted
I035,octopoteuthis-deletron,Octopoteuthis deletron,"R. E. Young, 1972",WoRMS,342057,accepted,[],,[],Octopus squid,[],squid,Species,Mollusca,Cephalopoda,Oegopsida,Octopoteuthidae,0,1267,200,1267,"[""deep_sea"",""water_column""]",[],common,1,"{""depth_min_m"":200,""depth_max_m"":1267,""habitat_tags"":[""deep_sea"",""water_column""],""ocean_regions"":[],""respawn_cooldown_s"":12}",swim,10,,https://www.marinespecies.org/aphia.php?p=taxdetails&id=342057,https://api.obis.org/v3/occurrence?taxonid=342057&size=500,観察深度の出典記録は0–1267m。,https://api.obis.org/v3/occurrence?taxonid=342057&size=500,https://www.fao.org/docrep/014/i1920e/i1920e.pdf,2026-08-12,verified,source_checked_date=2026-08-06 | depth_evidence=OBIS returned-record depth envelope; 0 m can be tow interval | size_note=mantle about 20 cm | visual_note=octopus-like arms with luminous tissues and a tapered mantle | image_rights=reference-only; rights verification required | spawn_depth_policy=observed-range intersection with 200-6000m | asset_status=reference-only; asset_id intentionally blank | synonyms=not asserted; only exact accepted WoRMS name was adopted
I036,ancistrocheirus-lesueurii,Ancistrocheirus lesueurii,"(A. d'Orbigny, 1835)",WoRMS,138747,accepted,[],,[],Sharpear enope squid,[],squid,Species,Mollusca,Cephalopoda,Oegopsida,Ancistrocheiridae,0,3948,200,3948,"[""deep_sea"",""water_column""]",[],rare,0.35,"{""depth_min_m"":200,""depth_max_m"":3948,""habitat_tags"":[""deep_sea"",""water_column""],""ocean_regions"":[],""respawn_cooldown_s"":22}",swim,50,,https://www.marinespecies.org/aphia.php?p=taxdetails&id=138747,https://api.obis.org/v3/occurrence?taxonid=138747&size=500,観察深度の出典記録は0–3948m。,https://api.obis.org/v3/occurrence?taxonid=138747&size=500,https://www.fao.org/docrep/014/i1920e/i1920e.pdf,2026-08-12,verified,source_checked_date=2026-08-06 | depth_evidence=OBIS returned-record depth envelope; 0 m can be tow interval | size_note=mantle about 40 cm | visual_note=large eyes and arm hooks on a muscular reddish mantle | image_rights=reference-only; rights verification required | spawn_depth_policy=observed-range intersection with 200-6000m | asset_status=reference-only; asset_id intentionally blank | synonyms=not asserted; only exact accepted WoRMS name was adopted
I037,graneledone-boreopacifica,Graneledone boreopacifica,"Nesis, 1982",WoRMS,342222,accepted,[],,[],Pacific warty octopus,[],octopus,Species,Mollusca,Cephalopoda,Octopoda,Megaleledonidae,30,3062,200,3062,"[""deep_sea"",""water_column""]",[],uncommon,0.65,"{""depth_min_m"":200,""depth_max_m"":3062,""habitat_tags"":[""deep_sea"",""water_column""],""ocean_regions"":[],""respawn_cooldown_s"":16}",swim,25,,https://www.marinespecies.org/aphia.php?p=taxdetails&id=342222,https://api.obis.org/v3/occurrence?taxonid=342222&size=1000,観察深度の出典記録は30–3062m。,https://api.obis.org/v3/occurrence?taxonid=342222&size=1000,https://www.fao.org/docrep/014/i1920e/i1920e.pdf,2026-08-12,verified,source_checked_date=2026-08-06 | depth_evidence=OBIS returned-record depth envelope | size_note=mantle about 30 cm | visual_note=soft warty skin and eight stout arms without fins | image_rights=reference-only; rights verification required | spawn_depth_policy=observed-range intersection with 200-6000m | asset_status=reference-only; asset_id intentionally blank | synonyms=not asserted; only exact accepted WoRMS name was adopted
I038,graneledone-verrucosa,Graneledone verrucosa,"(A. E. Verrill, 1881)",WoRMS,157019,accepted,[],,[],Warty octopus,[],octopus,Species,Mollusca,Cephalopoda,Octopoda,Megaleledonidae,0,2926,200,2926,"[""deep_sea"",""seafloor""]",[],uncommon,0.65,"{""depth_min_m"":200,""depth_max_m"":2926,""habitat_tags"":[""deep_sea"",""seafloor""],""ocean_regions"":[],""respawn_cooldown_s"":16}",swim,25,,https://www.marinespecies.org/aphia.php?p=taxdetails&id=157019,https://api.obis.org/v3/occurrence?taxonid=157019&size=1000,観察深度の出典記録は0–2926m。,https://api.obis.org/v3/occurrence?taxonid=157019&size=1000,https://www.fao.org/docrep/014/i1920e/i1920e.pdf,2026-08-12,verified,source_checked_date=2026-08-06 | depth_evidence=OBIS returned-record depth envelope; 0 m can be tow interval | size_note=mantle about 20 cm | visual_note=warty mantle texture and robust benthic arms | image_rights=reference-only; rights verification required | spawn_depth_policy=observed-range intersection with 200-6000m | asset_status=reference-only; asset_id intentionally blank | synonyms=not asserted; only exact accepted WoRMS name was adopted
I039,grimpoteuthis-bathynectes,Grimpoteuthis bathynectes,"G. L. Voss & Pearcy, 1990",WoRMS,342082,accepted,[],,[],Dumbo octopus,[],octopus,Species,Mollusca,Cephalopoda,Octopoda,Grimpoteuthidae,2940,3932,2940,3932,"[""deep_sea"",""water_column""]",[],rare,0.35,"{""depth_min_m"":2940,""depth_max_m"":3932,""habitat_tags"":[""deep_sea"",""water_column""],""ocean_regions"":[],""respawn_cooldown_s"":22}",swim,50,,https://www.marinespecies.org/aphia.php?p=taxdetails&id=342082,https://api.obis.org/v3/occurrence?taxonid=342082&size=1000,観察深度の出典記録は2940–3932m。,https://api.obis.org/v3/occurrence?taxonid=342082&size=1000,https://www.fao.org/docrep/014/i1920e/i1920e.pdf,2026-08-12,verified,source_checked_date=2026-08-06 | depth_evidence=OBIS reported-depth envelope from available records | size_note=total length about 30 cm | visual_note=large ear-like fins and webbed arms with cirri | image_rights=reference-only; rights verification required | spawn_depth_policy=observed-range intersection with 200-6000m | asset_status=reference-only; asset_id intentionally blank | synonyms=not asserted; only exact accepted WoRMS name was adopted
I040,grimpoteuthis-imperator,Grimpoteuthis imperator,"Ziegler & Sagorny, 2021",WoRMS,1507664,accepted,[],,[],Emperor dumbo octopus,[],octopus,Species,Mollusca,Cephalopoda,Octopoda,Grimpoteuthidae,3913,4417,3913,4417,"[""deep_sea"",""water_column""]",[],very_rare,0.15,"{""depth_min_m"":3913,""depth_max_m"":4417,""habitat_tags"":[""deep_sea"",""water_column""],""ocean_regions"":[],""respawn_cooldown_s"":30}",swim,75,,https://www.marinespecies.org/aphia.php?p=taxdetails&id=1507664,https://api.obis.org/v3/occurrence?taxonid=1507664&size=1000,観察深度の出典記録は3913–4417m。,https://api.obis.org/v3/occurrence?taxonid=1507664&size=1000,https://www.fao.org/docrep/014/i1920e/i1920e.pdf,2026-08-12,verified,source_checked_date=2026-08-06 | depth_evidence=OBIS reported-depth envelope from 2 records | size_note=total length about 30 cm | visual_note=large lateral fins and a broad web between the arms | image_rights=reference-only; rights verification required | spawn_depth_policy=observed-range intersection with 200-6000m | asset_status=reference-only; asset_id intentionally blank | synonyms=not asserted; only exact accepted WoRMS name was adopted
I041,grimpoteuthis-discoveryi,Grimpoteuthis discoveryi,"M. A. Collins, 2003",WoRMS,153084,accepted,[],,[],Dumbo octopus,[],octopus,Species,Mollusca,Cephalopoda,Octopoda,Grimpoteuthidae,1702,4877,1702,4877,"[""deep_sea"",""water_column""]",[],rare,0.35,"{""depth_min_m"":1702,""depth_max_m"":4877,""habitat_tags"":[""deep_sea"",""water_column""],""ocean_regions"":[],""respawn_cooldown_s"":22}",swim,50,,https://www.marinespecies.org/aphia.php?p=taxdetails&id=153084,https://api.obis.org/v3/occurrence?taxonid=153084&size=1000,観察深度の出典記録は1702–4877m。,https://api.obis.org/v3/occurrence?taxonid=153084&size=1000,https://www.fao.org/docrep/014/i1920e/i1920e.pdf,2026-08-12,verified,source_checked_date=2026-08-06 | depth_evidence=OBIS returned-record depth envelope | size_note=total length about 30 cm | visual_note=soft mantle with ear-like fins and cirrate webbed arms | image_rights=reference-only; rights verification required | spawn_depth_policy=observed-range intersection with 200-6000m | asset_status=reference-only; asset_id intentionally blank | synonyms=not asserted; only exact accepted WoRMS name was adopted
I042,cirroteuthis-muelleri,Cirroteuthis muelleri,"Eschricht, 1838",WoRMS,342212,accepted,[],,[],Cirrate octopus,[],octopus,Species,Mollusca,Cephalopoda,Octopoda,Cirroteuthidae,0,4996,200,4996,"[""deep_sea"",""water_column""]",[],rare,0.35,"{""depth_min_m"":200,""depth_max_m"":4996,""habitat_tags"":[""deep_sea"",""water_column""],""ocean_regions"":[],""respawn_cooldown_s"":22}",swim,50,,https://www.marinespecies.org/aphia.php?p=taxdetails&id=342212,https://api.obis.org/v3/occurrence?taxonid=342212&size=1000,観察深度の出典記録は0–4996m。,https://api.obis.org/v3/occurrence?taxonid=342212&size=1000,https://www.marinespecies.org/DeepSea/aphia.php?p=image&pic=128153&tid=342212,2026-08-12,verified,source_checked_date=2026-08-06 | depth_evidence=OBIS returned-record depth envelope; 0 m can be tow interval | size_note=total length can exceed 1 m | visual_note=large fins and extensive webbing with fingerlike cirri | image_rights=reference-only; rights verification required | spawn_depth_policy=observed-range intersection with 200-6000m | asset_status=reference-only; asset_id intentionally blank | synonyms=not asserted; only exact accepted WoRMS name was adopted
I043,cirrothauma-murrayi,Cirrothauma murrayi,"Chun, 1911",WoRMS,139174,accepted,[],,[],Blind cirrate octopus,[],octopus,Species,Mollusca,Cephalopoda,Octopoda,Cirroteuthidae,22,4830,200,4830,"[""deep_sea"",""water_column""]",[],rare,0.35,"{""depth_min_m"":200,""depth_max_m"":4830,""habitat_tags"":[""deep_sea"",""water_column""],""ocean_regions"":[],""respawn_cooldown_s"":22}",swim,50,,https://www.marinespecies.org/aphia.php?p=taxdetails&id=139174,https://api.obis.org/v3/occurrence?taxonid=139174&size=1000,観察深度の出典記録は22–4830m。,https://api.obis.org/v3/occurrence?taxonid=139174&size=1000,https://www.fao.org/docrep/014/i1920e/i1920e.pdf,2026-08-12,verified,source_checked_date=2026-08-06 | depth_evidence=OBIS returned-record depth envelope | size_note=total length about 50 cm | visual_note=gelatinous webbed arms with fins and reduced eyes | image_rights=reference-only; rights verification required | spawn_depth_policy=observed-range intersection with 200-6000m | asset_status=reference-only; asset_id intentionally blank | synonyms=not asserted; only exact accepted WoRMS name was adopted
I044,opisthoteuthis-agassizii,Opisthoteuthis agassizii,"A. E. Verrill, 1883",WoRMS,140652,accepted,[],,[],Flapjack octopus,[],octopus,Species,Mollusca,Cephalopoda,Octopoda,Opisthoteuthidae,100,2353,200,2353,"[""deep_sea"",""water_column""]",[],common,1,"{""depth_min_m"":200,""depth_max_m"":2353,""habitat_tags"":[""deep_sea"",""water_column""],""ocean_regions"":[],""respawn_cooldown_s"":12}",swim,10,,https://www.marinespecies.org/aphia.php?p=taxdetails&id=140652,https://api.obis.org/v3/occurrence?taxonid=140652&size=1000,観察深度の出典記録は100–2353m。,https://api.obis.org/v3/occurrence?taxonid=140652&size=1000,https://www.fao.org/docrep/014/i1920e/i1920e.pdf,2026-08-12,verified,source_checked_date=2026-08-06 | depth_evidence=OBIS returned-record depth envelope | size_note=total length about 25 cm | visual_note=flattened round body with fins and a wide arm web | image_rights=reference-only; rights verification required | spawn_depth_policy=observed-range intersection with 200-6000m | asset_status=reference-only; asset_id intentionally blank | synonyms=not asserted; only exact accepted WoRMS name was adopted
I045,stauroteuthis-syrtensis,Stauroteuthis syrtensis,"A. E. Verrill, 1879",WoRMS,153122,accepted,[],,[],Stauroteuthis octopus,[],octopus,Species,Mollusca,Cephalopoda,Octopoda,Stauroteuthidae,0,3465,200,3465,"[""deep_sea"",""water_column""]",[],uncommon,0.65,"{""depth_min_m"":200,""depth_max_m"":3465,""habitat_tags"":[""deep_sea"",""water_column""],""ocean_regions"":[],""respawn_cooldown_s"":16}",swim,25,,https://www.marinespecies.org/aphia.php?p=taxdetails&id=153122,https://api.obis.org/v3/occurrence?taxonid=153122&size=1000,観察深度の出典記録は0–3465m。,https://api.obis.org/v3/occurrence?taxonid=153122&size=1000,https://www.marinespecies.org/DeepSea/aphia.php?p=image&pic=30193&tid=153122,2026-08-12,verified,source_checked_date=2026-08-06 | depth_evidence=OBIS returned-record depth envelope; 0 m can be tow interval | size_note=total length about 50 cm | visual_note=orange red webbed arms with modified luminous suckers | image_rights=reference-only; rights verification required | spawn_depth_policy=observed-range intersection with 200-6000m | asset_status=reference-only; asset_id intentionally blank | synonyms=not asserted; only exact accepted WoRMS name was adopted
I046,vulcanoctopus-hydrothermalis,Vulcanoctopus hydrothermalis,"González & Guerra, 1998",WoRMS,342417,accepted,[],,[],Hydrothermal vent octopus,[],octopus,Species,Mollusca,Cephalopoda,Octopoda,Enteroctopodidae,2492,2694,2492,2694,"[""deep_sea"",""water_column""]",[],rare,0.35,"{""depth_min_m"":2492,""depth_max_m"":2694,""habitat_tags"":[""deep_sea"",""water_column""],""ocean_regions"":[],""respawn_cooldown_s"":22}",swim,50,,https://www.marinespecies.org/aphia.php?p=taxdetails&id=342417,https://api.obis.org/v3/occurrence?taxonid=342417&size=1000,観察深度の出典記録は2492–2694m。,https://api.obis.org/v3/occurrence?taxonid=342417&size=1000,https://www.fao.org/docrep/014/i1920e/i1920e.pdf,2026-08-12,verified,source_checked_date=2026-08-06 | depth_evidence=OBIS reported-depth envelope from 10 records | size_note=mantle about 20 cm | visual_note=pale robust finless octopus associated with vent terrain | image_rights=reference-only; rights verification required | spawn_depth_policy=observed-range intersection with 200-6000m | asset_status=reference-only; asset_id intentionally blank | synonyms=not asserted; only exact accepted WoRMS name was adopted
I047,muusoctopus-robustus,Muusoctopus robustus,"(G. L. Voss & Pearcy, 1990)",WoRMS,527163,accepted,[],,[],Robust octopus,[],octopus,Species,Mollusca,Cephalopoda,Octopoda,Enteroctopodidae,1463,3660,1463,3660,"[""deep_sea"",""seafloor""]",[],rare,0.35,"{""depth_min_m"":1463,""depth_max_m"":3660,""habitat_tags"":[""deep_sea"",""seafloor""],""ocean_regions"":[],""respawn_cooldown_s"":22}",swim,50,,https://www.marinespecies.org/aphia.php?p=taxdetails&id=527163,https://api.obis.org/v3/occurrence?taxonid=527163&size=500,観察深度の出典記録は1463–3660m。,https://api.obis.org/v3/occurrence?taxonid=527163&size=500,https://www.fao.org/docrep/014/i1920e/i1920e.pdf,2026-08-12,verified,source_checked_date=2026-08-06 | depth_evidence=OBIS reported-depth envelope from 8 records | size_note=total length can exceed 1 m | visual_note=large finless benthic octopus with stout arms | image_rights=reference-only; rights verification required | spawn_depth_policy=observed-range intersection with 200-6000m | asset_status=reference-only; asset_id intentionally blank | synonyms=not asserted; only exact accepted WoRMS name was adopted
I048,muusoctopus-leioderma,Muusoctopus leioderma,"(S. S. Berry, 1911)",WoRMS,1043781,accepted,[],,[],Smoothskin octopus,[],octopus,Species,Mollusca,Cephalopoda,Octopoda,Enteroctopodidae,15,2370,200,2370,"[""deep_sea"",""water_column""]",[],common,1,"{""depth_min_m"":200,""depth_max_m"":2370,""habitat_tags"":[""deep_sea"",""water_column""],""ocean_regions"":[],""respawn_cooldown_s"":12}",swim,10,,https://www.marinespecies.org/aphia.php?p=taxdetails&id=1043781,https://api.obis.org/v3/occurrence?taxonid=1043781&size=500,観察深度の出典記録は15–2370m。,https://api.obis.org/v3/occurrence?taxonid=1043781&size=500,https://www.fao.org/docrep/014/i1920e/i1920e.pdf,2026-08-12,verified,source_checked_date=2026-08-06 | depth_evidence=OBIS returned-record depth envelope | size_note=total length about 60 cm | visual_note=smooth mantle and long finless arms | image_rights=reference-only; rights verification required | spawn_depth_policy=observed-range intersection with 200-6000m | asset_status=reference-only; asset_id intentionally blank | synonyms=not asserted; only exact accepted WoRMS name was adopted
I049,japetella-diaphana,Japetella diaphana,"Hoyle, 1885",WoRMS,138849,accepted,[],,[],Bolloid octopus,[],octopus,Species,Mollusca,Cephalopoda,Octopoda,Amphitretidae,0,4000,200,4000,"[""deep_sea"",""water_column""]",[],rare,0.35,"{""depth_min_m"":200,""depth_max_m"":4000,""habitat_tags"":[""deep_sea"",""water_column""],""ocean_regions"":[],""respawn_cooldown_s"":22}",swim,50,,https://www.marinespecies.org/aphia.php?p=taxdetails&id=138849,https://api.obis.org/v3/occurrence?taxonid=138849&size=500,観察深度の出典記録は0–4000m。,https://api.obis.org/v3/occurrence?taxonid=138849&size=500,https://www.fao.org/docrep/014/i1920e/i1920e.pdf,2026-08-12,verified,source_checked_date=2026-08-06 | depth_evidence=OBIS returned-record depth envelope; 0 m can be tow interval | size_note=total length about 15 cm | visual_note=nearly transparent gelatinous body with large eyes | image_rights=reference-only; rights verification required | spawn_depth_policy=observed-range intersection with 200-6000m | asset_status=reference-only; asset_id intentionally blank | synonyms=not asserted; only exact accepted WoRMS name was adopted
I050,vitreledonella-richardi,Vitreledonella richardi,"Joubin, 1918",WoRMS,141962,accepted,[],,[],Glass octopus,[],octopus,Species,Mollusca,Cephalopoda,Octopoda,Amphitretidae,0,2500,200,2500,"[""deep_sea"",""water_column""]",[],uncommon,0.65,"{""depth_min_m"":200,""depth_max_m"":2500,""habitat_tags"":[""deep_sea"",""water_column""],""ocean_regions"":[],""respawn_cooldown_s"":16}",swim,25,,https://www.marinespecies.org/aphia.php?p=taxdetails&id=141962,https://api.obis.org/v3/occurrence?taxonid=141962&size=500,観察深度の出典記録は0–2500m。,https://api.obis.org/v3/occurrence?taxonid=141962&size=500,https://www.fao.org/docrep/014/i1920e/i1920e.pdf,2026-08-12,verified,source_checked_date=2026-08-06 | depth_evidence=OBIS returned-record depth envelope; 0 m can be tow interval | size_note=mantle about 10 cm | visual_note=almost transparent body with cylindrical eyes | image_rights=reference-only; rights verification required | spawn_depth_policy=observed-range intersection with 200-6000m | asset_status=reference-only; asset_id intentionally blank | synonyms=not asserted; only exact accepted WoRMS name was adopted
I051,insigniteuthis-albatrossi,Insigniteuthis albatrossi,"(M. Sasaki, 1920)",WoRMS,1813559,accepted,[],,[],Dumbo octopus,[],octopus,Species,Mollusca,Cephalopoda,Octopoda,Opisthoteuthidae,309,1679,309,1679,"[""deep_sea"",""water_column""]",[],common,1,"{""depth_min_m"":309,""depth_max_m"":1679,""habitat_tags"":[""deep_sea"",""water_column""],""ocean_regions"":[],""respawn_cooldown_s"":12}",swim,10,,https://www.marinespecies.org/aphia.php?p=taxdetails&id=1813559,https://api.obis.org/v3/occurrence?taxonid=1813559&size=500,観察深度の出典記録は309–1679m。,https://api.obis.org/v3/occurrence?taxonid=1813559&size=500,https://www.fao.org/docrep/014/i1920e/i1920e.pdf,2026-08-12,verified,source_checked_date=2026-08-06 | depth_evidence=OBIS returned-record depth envelope | size_note=total length about 20 cm | visual_note=rounded finned body and webbed cirrate arms | image_rights=reference-only; rights verification required | spawn_depth_policy=observed-range intersection with 200-6000m | asset_status=reference-only; asset_id intentionally blank | synonyms=not asserted; only exact accepted WoRMS name was adopted
I052,graneledone-antarctica,Graneledone antarctica,"G. L. Voss, 1976",WoRMS,325322,accepted,[],,[],Antarctic warty octopus,[],octopus,Species,Mollusca,Cephalopoda,Octopoda,Megaleledonidae,185,2341,200,2341,"[""deep_sea"",""water_column""]",[],common,1,"{""depth_min_m"":200,""depth_max_m"":2341,""habitat_tags"":[""deep_sea"",""water_column""],""ocean_regions"":[],""respawn_cooldown_s"":12}",swim,10,,https://www.marinespecies.org/aphia.php?p=taxdetails&id=325322,https://api.obis.org/v3/occurrence?taxonid=325322&size=500,観察深度の出典記録は185–2341m。,https://api.obis.org/v3/occurrence?taxonid=325322&size=500,https://www.fao.org/docrep/014/i1920e/i1920e.pdf,2026-08-12,verified,source_checked_date=2026-08-06 | depth_evidence=OBIS returned-record depth envelope | size_note=total length about 30 cm | visual_note=warty dark mantle and robust finless arms | image_rights=reference-only; rights verification required | spawn_depth_policy=observed-range intersection with 200-6000m | asset_status=reference-only; asset_id intentionally blank | synonyms=not asserted; only exact accepted WoRMS name was adopted
I053,neolithodes-diomedeae,Neolithodes diomedeae,"(Benedict, 1895)",WoRMS,378126,accepted,[],,[],Pacific king crab,[],crab,Species,Arthropoda,Malacostraca,Decapoda,Lithodidae,160,2454,200,2454,"[""deep_sea"",""seafloor""]",[],common,1,"{""depth_min_m"":200,""depth_max_m"":2454,""habitat_tags"":[""deep_sea"",""seafloor""],""ocean_regions"":[],""respawn_cooldown_s"":12}",crawl,10,,https://www.marinespecies.org/aphia.php?p=taxdetails&id=378126,https://api.obis.org/v3/occurrence?taxonid=378126&size=1000,観察深度の出典記録は160–2454m。,https://api.obis.org/v3/occurrence?taxonid=378126&size=1000,https://www.gbif.org/occurrence/search?scientific_name=Neolithodes%20diomedeae&media_type=StillImage,2026-08-12,verified,source_checked_date=2026-08-06 | depth_evidence=OBIS returned-record depth envelope | size_note=leg span to about 80 cm | visual_note=spiny triangular carapace with very long king-crab legs | image_rights=reference-only; rights verification required | spawn_depth_policy=observed-range intersection with 200-6000m | asset_status=reference-only; asset_id intentionally blank | synonyms=not asserted; only exact accepted WoRMS name was adopted
I054,neolithodes-grimaldii,Neolithodes grimaldii,"(A Milne-Edwards & Bouvier, 1894)",WoRMS,107206,accepted,[],,[],Deep-sea king crab,[],crab,Species,Arthropoda,Malacostraca,Decapoda,Lithodidae,0,3206,200,3206,"[""deep_sea"",""water_column""]",[],uncommon,0.65,"{""depth_min_m"":200,""depth_max_m"":3206,""habitat_tags"":[""deep_sea"",""water_column""],""ocean_regions"":[],""respawn_cooldown_s"":16}",crawl,25,,https://www.marinespecies.org/aphia.php?p=taxdetails&id=107206,https://api.obis.org/v3/occurrence?taxonid=107206&size=1000,観察深度の出典記録は0–3206m。,https://api.obis.org/v3/occurrence?taxonid=107206&size=1000,https://www.marinespecies.org/DeepSea/aphia.php?p=image&pic=19002&tid=107206,2026-08-12,verified,source_checked_date=2026-08-06 | depth_evidence=OBIS returned-record depth envelope; 0 m can be tow interval | size_note=leg span can approach 1 m | visual_note=large spiny king crab with a high angular carapace | image_rights=reference-only; rights verification required | spawn_depth_policy=observed-range intersection with 200-6000m | asset_status=reference-only; asset_id intentionally blank | synonyms=not asserted; only exact accepted WoRMS name was adopted
I055,paralomis-multispina,Paralomis multispina,"(Benedict, 1895)",WoRMS,378131,accepted,[],,[],Spiny king crab,[],crab,Species,Arthropoda,Malacostraca,Decapoda,Lithodidae,520,2829,520,2829,"[""deep_sea"",""seafloor""]",[],uncommon,0.65,"{""depth_min_m"":520,""depth_max_m"":2829,""habitat_tags"":[""deep_sea"",""seafloor""],""ocean_regions"":[],""respawn_cooldown_s"":16}",crawl,25,,https://www.marinespecies.org/aphia.php?p=taxdetails&id=378131,https://api.obis.org/v3/occurrence?taxonid=378131&size=1000,観察深度の出典記録は520–2829m。,https://api.obis.org/v3/occurrence?taxonid=378131&size=1000,https://www.gbif.org/occurrence/search?scientific_name=Paralomis%20multispina&media_type=StillImage,2026-08-12,verified,source_checked_date=2026-08-06 | depth_evidence=OBIS returned-record depth envelope | size_note=leg span about 60 cm | visual_note=dense carapace spines and long walking legs | image_rights=reference-only; rights verification required | spawn_depth_policy=observed-range intersection with 200-6000m | asset_status=reference-only; asset_id intentionally blank | synonyms=not asserted; only exact accepted WoRMS name was adopted
I056,paralomis-birsteini,Paralomis birsteini,"Macpherson, 1988",WoRMS,246545,accepted,[],,[],King crab,[],crab,Species,Arthropoda,Malacostraca,Decapoda,Lithodidae,310,1660,310,1660,"[""deep_sea"",""seafloor""]",[],common,1,"{""depth_min_m"":310,""depth_max_m"":1660,""habitat_tags"":[""deep_sea"",""seafloor""],""ocean_regions"":[],""respawn_cooldown_s"":12}",crawl,10,,https://www.marinespecies.org/aphia.php?p=taxdetails&id=246545,https://api.obis.org/v3/occurrence?taxonid=246545&size=1000,観察深度の出典記録は310–1660m。,https://api.obis.org/v3/occurrence?taxonid=246545&size=1000,https://www.gbif.org/occurrence/search?scientific_name=Paralomis%20birsteini&media_type=StillImage,2026-08-12,verified,source_checked_date=2026-08-06 | depth_evidence=OBIS returned-record depth envelope | size_note=carapace about 20 cm | visual_note=spiny crab body with elongated legs and claws | image_rights=reference-only; rights verification required | spawn_depth_policy=observed-range intersection with 200-6000m | asset_status=reference-only; asset_id intentionally blank | synonyms=not asserted; only exact accepted WoRMS name was adopted
I057,chaceon-quinquedens,Chaceon quinquedens,"(Smith, 1879)",WoRMS,158407,accepted,[],,[],Atlantic deep-sea red crab,[],crab,Species,Arthropoda,Malacostraca,Decapoda,Geryonidae,0,2085,200,2085,"[""deep_sea"",""water_column""]",[],common,1,"{""depth_min_m"":200,""depth_max_m"":2085,""habitat_tags"":[""deep_sea"",""water_column""],""ocean_regions"":[],""respawn_cooldown_s"":12}",crawl,10,,https://www.marinespecies.org/aphia.php?p=taxdetails&id=158407,https://api.obis.org/v3/occurrence?taxonid=158407&size=1000,観察深度の出典記録は0–2085m。,https://api.obis.org/v3/occurrence?taxonid=158407&size=1000,https://www.marinespecies.org/DeepSea/aphia.php?p=image&pic=129219&tid=158407,2026-08-12,verified,source_checked_date=2026-08-06 | depth_evidence=OBIS returned-record depth envelope; 0 m can be tow interval | size_note=carapace to about 20 cm | visual_note=rounded orange red carapace with robust claws | image_rights=reference-only; rights verification required | spawn_depth_policy=observed-range intersection with 200-6000m | asset_status=reference-only; asset_id intentionally blank | synonyms=not asserted; only exact accepted WoRMS name was adopted
I058,chaceon-affinis,Chaceon affinis,"(A. Milne-Edwards & Bouvier, 1894)",WoRMS,107369,accepted,[],,[],Golden deep-sea crab,[],crab,Species,Arthropoda,Malacostraca,Decapoda,Geryonidae,0,2200,200,2200,"[""deep_sea"",""water_column""]",[],common,1,"{""depth_min_m"":200,""depth_max_m"":2200,""habitat_tags"":[""deep_sea"",""water_column""],""ocean_regions"":[],""respawn_cooldown_s"":12}",crawl,10,,https://www.marinespecies.org/aphia.php?p=taxdetails&id=107369,https://api.obis.org/v3/occurrence?taxonid=107369&size=1000,観察深度の出典記録は0–2200m。,https://api.obis.org/v3/occurrence?taxonid=107369&size=1000,https://www.gbif.org/occurrence/search?scientific_name=Chaceon%20affinis&media_type=StillImage,2026-08-12,verified,source_checked_date=2026-08-06 | depth_evidence=OBIS returned-record depth envelope; 0 m can be tow interval | size_note=carapace to about 20 cm | visual_note=orange to reddish smooth carapace and stout claws | image_rights=reference-only; rights verification required | spawn_depth_policy=observed-range intersection with 200-6000m | asset_status=reference-only; asset_id intentionally blank | synonyms=not asserted; only exact accepted WoRMS name was adopted
I059,geryon-trispinosus,Geryon trispinosus,"(Herbst, 1803)",WoRMS,107374,accepted,[],,[],Three-spined crab,[],crab,Species,Arthropoda,Malacostraca,Decapoda,Geryonidae,0,732,200,732,"[""deep_sea"",""water_column""]",[],common,1,"{""depth_min_m"":200,""depth_max_m"":732,""habitat_tags"":[""deep_sea"",""water_column""],""ocean_regions"":[],""respawn_cooldown_s"":12}",crawl,10,,https://www.marinespecies.org/aphia.php?p=taxdetails&id=107374,https://api.obis.org/v3/occurrence?taxonid=107374&size=1000,観察深度の出典記録は0–732m。,https://api.obis.org/v3/occurrence?taxonid=107374&size=1000,https://www.marinespecies.org/DeepSea/aphia.php?p=image&pic=1821&tid=107374,2026-08-12,verified,source_checked_date=2026-08-06 | depth_evidence=OBIS returned-record depth envelope; 0 m can be tow interval | size_note=carapace about 10 cm | visual_note=round carapace with lateral spines and long claws | image_rights=reference-only; rights verification required | spawn_depth_policy=observed-range intersection with 200-6000m | asset_status=reference-only; asset_id intentionally blank | synonyms=not asserted; only exact accepted WoRMS name was adopted
I060,cyrtomaia-suhmii,Cyrtomaia suhmii,"Miers <i>in</i> Tizard, Moseley, Buchanan & Murray, 1885",WoRMS,441894,accepted,[],,[],Spider crab,[],crab,Species,Arthropoda,Malacostraca,Decapoda,Oregoniidae,271,1130,271,1130,"[""deep_sea"",""seafloor""]",[],common,1,"{""depth_min_m"":271,""depth_max_m"":1130,""habitat_tags"":[""deep_sea"",""seafloor""],""ocean_regions"":[],""respawn_cooldown_s"":12}",crawl,10,,https://www.marinespecies.org/aphia.php?p=taxdetails&id=441894,https://api.obis.org/v3/occurrence?taxonid=441894&size=1000,観察深度の出典記録は271–1130m。,https://api.obis.org/v3/occurrence?taxonid=441894&size=1000,https://www.gbif.org/occurrence/search?scientific_name=Cyrtomaia%20suhmii&media_type=StillImage,2026-08-12,verified,source_checked_date=2026-08-06 | depth_evidence=OBIS returned-record depth envelope | size_note=carapace about 12 cm | visual_note=high pear-shaped carapace with a long recurved rostrum | image_rights=reference-only; rights verification required | spawn_depth_policy=observed-range intersection with 200-6000m | asset_status=reference-only; asset_id intentionally blank | synonyms=not asserted; only exact accepted WoRMS name was adopted
I061,macroregonia-macrochira,Macroregonia macrochira,"Sakai, 1978",WoRMS,442169,accepted,[],,[],Deep-sea spider crab,[],crab,Species,Arthropoda,Malacostraca,Decapoda,Oregoniidae,800,2700,800,2700,"[""deep_sea"",""seafloor""]",[],uncommon,0.65,"{""depth_min_m"":800,""depth_max_m"":2700,""habitat_tags"":[""deep_sea"",""seafloor""],""ocean_regions"":[],""respawn_cooldown_s"":16}",crawl,25,,https://www.marinespecies.org/aphia.php?p=taxdetails&id=442169,https://api.obis.org/v3/occurrence?taxonid=442169&size=1000,観察深度の出典記録は800–2700m。,https://api.obis.org/v3/occurrence?taxonid=442169&size=1000,https://www.inaturalist.org/photos/684151892,2026-08-12,verified,source_checked_date=2026-08-06 | depth_evidence=OBIS returned-record depth envelope | size_note=leg span can exceed 1 m | visual_note=large spider-crab silhouette with very long spiny legs | image_rights=reference-only; rights verification required | spawn_depth_policy=observed-range intersection with 200-6000m | asset_status=reference-only; asset_id intentionally blank | synonyms=not asserted; only exact accepted WoRMS name was adopted
I062,dorhynchus-thomsoni,Dorhynchus thomsoni,"Thomson, 1873",WoRMS,107316,accepted,[],,[],Long-legged spider crab,[],crab,Species,Arthropoda,Malacostraca,Decapoda,Inachidae,0,2080,200,2080,"[""deep_sea"",""water_column""]",[],common,1,"{""depth_min_m"":200,""depth_max_m"":2080,""habitat_tags"":[""deep_sea"",""water_column""],""ocean_regions"":[],""respawn_cooldown_s"":12}",crawl,10,,https://www.marinespecies.org/aphia.php?p=taxdetails&id=107316,https://api.obis.org/v3/occurrence?taxonid=107316&size=1000,観察深度の出典記録は0–2080m。,https://api.obis.org/v3/occurrence?taxonid=107316&size=1000,https://portal.boldsystems.org/record/SEAKY1214-17,2026-08-12,verified,source_checked_date=2026-08-06 | depth_evidence=OBIS returned-record depth envelope; 0 m can be tow interval | size_note=carapace about 5 cm | visual_note=long narrow rostrum and unusually thin legs | image_rights=reference-only; rights verification required | spawn_depth_policy=observed-range intersection with 200-6000m | asset_status=reference-only; asset_id intentionally blank | synonyms=not asserted; only exact accepted WoRMS name was adopted
I063,kiwa-tyleri,Kiwa tyleri,"Thatje in Thatje, Marsh, Roterman, Mavrogortdato & Linse, 2015",WoRMS,850310,accepted,[],,[],Hoff crab,[],crab,Species,Arthropoda,Malacostraca,Decapoda,Kiwaidae,2395,2600,2395,2600,"[""deep_sea"",""seafloor""]",[],rare,0.35,"{""depth_min_m"":2395,""depth_max_m"":2600,""habitat_tags"":[""deep_sea"",""seafloor""],""ocean_regions"":[],""respawn_cooldown_s"":22}",crawl,50,,https://www.marinespecies.org/aphia.php?p=taxdetails&id=850310,https://api.obis.org/v3/occurrence?taxonid=850310&size=500,観察深度の出典記録は2395–2600m。,https://api.obis.org/v3/occurrence?taxonid=850310&size=500,https://www.gbif.org/occurrence/search?scientific_name=Kiwa%20tyleri&media_type=StillImage,2026-08-12,verified,source_checked_date=2026-08-06 | depth_evidence=OBIS reported-depth envelope from 3 records | size_note=carapace about 6 cm | visual_note=pale crab with dense hairlike setae on the claws and chest | image_rights=reference-only; rights verification required | spawn_depth_policy=observed-range intersection with 200-6000m | asset_status=reference-only; asset_id intentionally blank | synonyms=not asserted; only exact accepted WoRMS name was adopted
I064,kiwa-hirsuta,Kiwa hirsuta,"Macpherson, Jones & Segonzac, 2005",WoRMS,249751,accepted,[],,[],Yeti crab,[],crab,Species,Arthropoda,Malacostraca,Decapoda,Kiwaidae,220,2228,220,2228,"[""deep_sea"",""seafloor""]",[],common,1,"{""depth_min_m"":220,""depth_max_m"":2228,""habitat_tags"":[""deep_sea"",""seafloor""],""ocean_regions"":[],""respawn_cooldown_s"":12}",crawl,10,,https://www.marinespecies.org/aphia.php?p=taxdetails&id=249751,https://api.obis.org/v3/occurrence?taxonid=249751&size=500,観察深度の出典記録は220–2228m。,https://api.obis.org/v3/occurrence?taxonid=249751&size=500,https://www.gbif.org/occurrence/search?scientific_name=Kiwa%20hirsuta&media_type=StillImage,2026-08-12,verified,source_checked_date=2026-08-06 | depth_evidence=OBIS returned-record depth envelope from 3 records | size_note=carapace about 15 cm | visual_note=white hairy claws and long pale walking legs | image_rights=reference-only; rights verification required | spawn_depth_policy=observed-range intersection with 200-6000m | asset_status=reference-only; asset_id intentionally blank | synonyms=not asserted; only exact accepted WoRMS name was adopted
I065,bythograea-thermydron,Bythograea thermydron,"Williams, 1980",WoRMS,440289,accepted,[],,[],Hydrothermal vent crab,[],crab,Species,Arthropoda,Malacostraca,Decapoda,Bythograeidae,1000,3300,1000,3300,"[""deep_sea"",""seafloor""]",[],uncommon,0.65,"{""depth_min_m"":1000,""depth_max_m"":3300,""habitat_tags"":[""deep_sea"",""seafloor""],""ocean_regions"":[],""respawn_cooldown_s"":16}",crawl,25,,https://www.marinespecies.org/aphia.php?p=taxdetails&id=440289,https://api.obis.org/v3/occurrence?taxonid=440289&size=500,観察深度の出典記録は1000–3300m。,https://api.obis.org/v3/occurrence?taxonid=440289&size=500,https://www.gbif.org/occurrence/search?scientific_name=Bythograea%20thermydron&media_type=StillImage,2026-08-12,verified,source_checked_date=2026-08-06 | depth_evidence=OBIS returned-record depth envelope | size_note=carapace about 15 cm | visual_note=pale robust vent crab with large dark-tipped claws | image_rights=reference-only; rights verification required | spawn_depth_policy=observed-range intersection with 200-6000m | asset_status=reference-only; asset_id intentionally blank | synonyms=not asserted; only exact accepted WoRMS name was adopted
I066,segonzacia-mesatlantica,Segonzacia mesatlantica,"(Williams, 1988)",WoRMS,107266,accepted,[],,[],Vent crab,[],crab,Species,Arthropoda,Malacostraca,Decapoda,Bythograeidae,813,4087,813,4087,"[""deep_sea"",""seafloor""]",[],rare,0.35,"{""depth_min_m"":813,""depth_max_m"":4087,""habitat_tags"":[""deep_sea"",""seafloor""],""ocean_regions"":[],""respawn_cooldown_s"":22}",crawl,50,,https://www.marinespecies.org/aphia.php?p=taxdetails&id=107266,https://api.obis.org/v3/occurrence?taxonid=107266&size=500,観察深度の出典記録は813–4087m。,https://api.obis.org/v3/occurrence?taxonid=107266&size=500,https://www.gbif.org/occurrence/search?scientific_name=Segonzacia%20mesatlantica&media_type=StillImage,2026-08-12,verified,source_checked_date=2026-08-06 | depth_evidence=OBIS returned-record depth envelope | size_note=carapace about 15 cm | visual_note=pale deep-vent crab with smooth shell and stout chelae | image_rights=reference-only; rights verification required | spawn_depth_policy=observed-range intersection with 200-6000m | asset_status=reference-only; asset_id intentionally blank | synonyms=not asserted; only exact accepted WoRMS name was adopted
I067,homola-barbata,Homola barbata,"(Fabricius, 1793)",WoRMS,107262,accepted,[],,[],Carrier crab,[],crab,Species,Arthropoda,Malacostraca,Decapoda,Homolidae,0,712,200,712,"[""deep_sea"",""water_column""]",[],common,1,"{""depth_min_m"":200,""depth_max_m"":712,""habitat_tags"":[""deep_sea"",""water_column""],""ocean_regions"":[],""respawn_cooldown_s"":12}",crawl,10,,https://www.marinespecies.org/aphia.php?p=taxdetails&id=107262,https://api.obis.org/v3/occurrence?taxonid=107262&size=500,観察深度の出典記録は0–712m。,https://api.obis.org/v3/occurrence?taxonid=107262&size=500,https://www.gbif.org/occurrence/search?scientific_name=Homola%20barbata&media_type=StillImage,2026-08-12,verified,source_checked_date=2026-08-06 | depth_evidence=OBIS returned-record depth envelope; 0 m can be tow interval | size_note=carapace about 10 cm | visual_note=long rear legs are adapted to carry objects over the carapace | image_rights=reference-only; rights verification required | spawn_depth_policy=observed-range intersection with 200-6000m | asset_status=reference-only; asset_id intentionally blank | synonyms=not asserted; only exact accepted WoRMS name was adopted
I068,ethusina-abyssicola,Ethusina abyssicola,"Smith, 1884",WoRMS,209493,accepted,[],,[],Deep-sea crab,[],crab,Species,Arthropoda,Malacostraca,Decapoda,Ethusidae,860,4120,860,4120,"[""deep_sea"",""seafloor""]",[],rare,0.35,"{""depth_min_m"":860,""depth_max_m"":4120,""habitat_tags"":[""deep_sea"",""seafloor""],""ocean_regions"":[],""respawn_cooldown_s"":22}",crawl,50,,https://www.marinespecies.org/aphia.php?p=taxdetails&id=209493,https://api.obis.org/v3/occurrence?taxonid=209493&size=500,観察深度の出典記録は860–4120m。,https://api.obis.org/v3/occurrence?taxonid=209493&size=500,https://www.gbif.org/occurrence/search?scientific_name=Ethusina%20abyssicola&media_type=StillImage,2026-08-12,verified,source_checked_date=2026-08-06 | depth_evidence=OBIS returned-record depth envelope from 25 records | size_note=carapace about 5 cm | visual_note=small rounded crab with a compact oval carapace | image_rights=reference-only; rights verification required | spawn_depth_policy=observed-range intersection with 200-6000m | asset_status=reference-only; asset_id intentionally blank | synonyms=not asserted; only exact accepted WoRMS name was adopted
I069,rimicaris-exoculata,Rimicaris exoculata,"Williams & Rona, 1986",WoRMS,107542,accepted,[],,[],Vent shrimp,[],shrimp,Species,Arthropoda,Malacostraca,Decapoda,Alvinocarididae,1100,4088,1100,4088,"[""deep_sea"",""water_column""]",[],rare,0.35,"{""depth_min_m"":1100,""depth_max_m"":4088,""habitat_tags"":[""deep_sea"",""water_column""],""ocean_regions"":[],""respawn_cooldown_s"":22}",swim,50,,https://www.marinespecies.org/aphia.php?p=taxdetails&id=107542,https://api.obis.org/v3/occurrence?taxonid=107542&size=1000,観察深度の出典記録は1100–4088m。,https://api.obis.org/v3/occurrence?taxonid=107542&size=1000,https://www.marinespecies.org/DeepSea/aphia.php?p=image&pic=64127&tid=107542,2026-08-12,verified,source_checked_date=2026-08-06 | depth_evidence=OBIS returned-record depth envelope | size_note=body about 5 cm | visual_note=pale vent shrimp with enlarged dorsal visual organ and bacterial chamber | image_rights=reference-only; rights verification required | spawn_depth_policy=observed-range intersection with 200-6000m | asset_status=reference-only; asset_id intentionally blank | synonyms=not asserted; only exact accepted WoRMS name was adopted
I070,alvinocaris-markensis,Alvinocaris markensis,"Williams, 1988",WoRMS,378091,accepted,[],,[],Vent shrimp,[],shrimp,Species,Arthropoda,Malacostraca,Decapoda,Alvinocarididae,1600,3670,1600,3670,"[""deep_sea"",""water_column""]",[],rare,0.35,"{""depth_min_m"":1600,""depth_max_m"":3670,""habitat_tags"":[""deep_sea"",""water_column""],""ocean_regions"":[],""respawn_cooldown_s"":22}",swim,50,,https://www.marinespecies.org/aphia.php?p=taxdetails&id=378091,https://api.obis.org/v3/occurrence?taxonid=378091&size=1000,観察深度の出典記録は1600–3670m。,https://api.obis.org/v3/occurrence?taxonid=378091&size=1000,https://www.gbif.org/occurrence/search?scientific_name=Alvinocaris%20markensis&media_type=StillImage,2026-08-12,verified,source_checked_date=2026-08-06 | depth_evidence=OBIS returned-record depth envelope | size_note=body about 4 cm | visual_note=pale translucent shrimp with long antennae | image_rights=reference-only; rights verification required | spawn_depth_policy=observed-range intersection with 200-6000m | asset_status=reference-only; asset_id intentionally blank | synonyms=not asserted; only exact accepted WoRMS name was adopted
I071,mirocaris-fortunata,Mirocaris fortunata,"(Martin & Christiansen, 1995)",WoRMS,107541,accepted,[],,[],Vent shrimp,[],shrimp,Species,Arthropoda,Malacostraca,Decapoda,Alvinocarididae,810,4088,810,4088,"[""deep_sea"",""water_column""]",[],rare,0.35,"{""depth_min_m"":810,""depth_max_m"":4088,""habitat_tags"":[""deep_sea"",""water_column""],""ocean_regions"":[],""respawn_cooldown_s"":22}",swim,50,,https://www.marinespecies.org/aphia.php?p=taxdetails&id=107541,https://api.obis.org/v3/occurrence?taxonid=107541&size=1000,観察深度の出典記録は810–4088m。,https://api.obis.org/v3/occurrence?taxonid=107541&size=1000,https://www.marinespecies.org/DeepSea/aphia.php?p=image&pic=10640&tid=107541,2026-08-12,verified,source_checked_date=2026-08-06 | depth_evidence=OBIS returned-record depth envelope | size_note=body about 3 cm | visual_note=slender pale to orange shrimp with very long antennae | image_rights=reference-only; rights verification required | spawn_depth_policy=observed-range intersection with 200-6000m | asset_status=reference-only; asset_id intentionally blank | synonyms=not asserted; only exact accepted WoRMS name was adopted
I072,acanthephyra-purpurea,Acanthephyra purpurea,"A. Milne-Edwards, 1881",WoRMS,107582,accepted,[],,[],Purple glass shrimp,[],shrimp,Species,Arthropoda,Malacostraca,Decapoda,Acanthephyridae,0,5370,200,5370,"[""deep_sea"",""water_column""]",[],very_rare,0.15,"{""depth_min_m"":200,""depth_max_m"":5370,""habitat_tags"":[""deep_sea"",""water_column""],""ocean_regions"":[],""respawn_cooldown_s"":30}",swim,75,,https://www.marinespecies.org/aphia.php?p=taxdetails&id=107582,https://api.obis.org/v3/occurrence?taxonid=107582&size=1000,観察深度の出典記録は0–5370m。,https://api.obis.org/v3/occurrence?taxonid=107582&size=1000,https://www.gbif.org/occurrence/search?scientific_name=Acanthephyra%20purpurea&media_type=StillImage,2026-08-12,verified,source_checked_date=2026-08-06 | depth_evidence=OBIS returned-record depth envelope; 0 m can be tow interval | size_note=body about 15 cm | visual_note=purple red body with large eyes and an elongate rostrum | image_rights=reference-only; rights verification required | spawn_depth_policy=observed-range intersection with 200-6000m | asset_status=reference-only; asset_id intentionally blank | synonyms=not asserted; only exact accepted WoRMS name was adopted
I073,oplophorus-spinosus,Oplophorus spinosus,"(Brullé, 1839)",WoRMS,107602,accepted,[],,[],Deep-sea shrimp,[],shrimp,Species,Arthropoda,Malacostraca,Decapoda,Oplophoridae,0,5230,200,5230,"[""deep_sea"",""water_column""]",[],very_rare,0.15,"{""depth_min_m"":200,""depth_max_m"":5230,""habitat_tags"":[""deep_sea"",""water_column""],""ocean_regions"":[],""respawn_cooldown_s"":30}",swim,75,,https://www.marinespecies.org/aphia.php?p=taxdetails&id=107602,https://api.obis.org/v3/occurrence?taxonid=107602&size=1000,観察深度の出典記録は0–5230m。,https://api.obis.org/v3/occurrence?taxonid=107602&size=1000,https://www.marinespecies.org/DeepSea/aphia.php?p=image&pic=29537&tid=107602,2026-08-12,verified,source_checked_date=2026-08-06 | depth_evidence=OBIS returned-record depth envelope; 0 m can be tow interval | size_note=body about 15 cm | visual_note=red body with large eyes and a spinose rostrum | image_rights=reference-only; rights verification required | spawn_depth_policy=observed-range intersection with 200-6000m | asset_status=reference-only; asset_id intentionally blank | synonyms=not asserted; only exact accepted WoRMS name was adopted
I074,notostomus-gibbosus,Notostomus gibbosus,"A. Milne-Edwards, 1881",WoRMS,212899,accepted,[],,[],Deep-sea shrimp,[],shrimp,Species,Arthropoda,Malacostraca,Decapoda,Acanthephyridae,0,4000,200,4000,"[""deep_sea"",""water_column""]",[],rare,0.35,"{""depth_min_m"":200,""depth_max_m"":4000,""habitat_tags"":[""deep_sea"",""water_column""],""ocean_regions"":[],""respawn_cooldown_s"":22}",swim,50,,https://www.marinespecies.org/aphia.php?p=taxdetails&id=212899,https://api.obis.org/v3/occurrence?taxonid=212899&size=1000,観察深度の出典記録は0–4000m。,https://api.obis.org/v3/occurrence?taxonid=212899&size=1000,https://www.gbif.org/occurrence/search?scientific_name=Notostomus%20gibbosus&media_type=StillImage,2026-08-12,verified,source_checked_date=2026-08-06 | depth_evidence=OBIS returned-record depth envelope; 0 m can be tow interval | size_note=body about 15 cm | visual_note=robust red body and long toothed rostrum | image_rights=reference-only; rights verification required | spawn_depth_policy=observed-range intersection with 200-6000m | asset_status=reference-only; asset_id intentionally blank | synonyms=not asserted; only exact accepted WoRMS name was adopted
I075,plesionika-martia,Plesionika martia,"(A. Milne-Edwards, 1883)",WoRMS,107661,accepted,[],,[],Golden shrimp,[],shrimp,Species,Arthropoda,Malacostraca,Decapoda,Pandalidae,0,3635,200,3635,"[""deep_sea"",""water_column""]",[],rare,0.35,"{""depth_min_m"":200,""depth_max_m"":3635,""habitat_tags"":[""deep_sea"",""water_column""],""ocean_regions"":[],""respawn_cooldown_s"":22}",swim,50,,https://www.marinespecies.org/aphia.php?p=taxdetails&id=107661,https://api.obis.org/v3/occurrence?taxonid=107661&size=1000,観察深度の出典記録は0–3635m。,https://api.obis.org/v3/occurrence?taxonid=107661&size=1000,https://www.marinespecies.org/DeepSea/aphia.php?p=image&pic=48703&tid=107661,2026-08-12,verified,source_checked_date=2026-08-06 | depth_evidence=OBIS returned-record depth envelope; 0 m can be tow interval | size_note=body about 12 cm | visual_note=slender red orange shrimp with long antennae and rostrum | image_rights=reference-only; rights verification required | spawn_depth_policy=observed-range intersection with 200-6000m | asset_status=reference-only; asset_id intentionally blank | synonyms=not asserted; only exact accepted WoRMS name was adopted
I076,hymenopenaeus-debilis,Hymenopenaeus debilis,"Smith, 1882",WoRMS,107117,accepted,[],,[],Deep-sea shrimp,[],shrimp,Species,Arthropoda,Malacostraca,Decapoda,Solenoceridae,18,2163,200,2163,"[""deep_sea"",""water_column""]",[],common,1,"{""depth_min_m"":200,""depth_max_m"":2163,""habitat_tags"":[""deep_sea"",""water_column""],""ocean_regions"":[],""respawn_cooldown_s"":12}",swim,10,,https://www.marinespecies.org/aphia.php?p=taxdetails&id=107117,https://api.obis.org/v3/occurrence?taxonid=107117&size=1000,観察深度の出典記録は18–2163m。,https://api.obis.org/v3/occurrence?taxonid=107117&size=1000,https://www.marinespecies.org/DeepSea/aphia.php?p=image&pic=48702&tid=107117,2026-08-12,verified,source_checked_date=2026-08-06 | depth_evidence=OBIS returned-record depth envelope | size_note=body about 12 cm | visual_note=transparent to red body with a long narrow rostrum | image_rights=reference-only; rights verification required | spawn_depth_policy=observed-range intersection with 200-6000m | asset_status=reference-only; asset_id intentionally blank | synonyms=not asserted; only exact accepted WoRMS name was adopted
I077,gennadas-valens,Gennadas valens,"(Smith, 1884)",WoRMS,107098,accepted,[],,[],Deep-sea shrimp,[],shrimp,Species,Arthropoda,Malacostraca,Decapoda,Benthesicymidae,0,5300,200,5300,"[""deep_sea"",""water_column""]",[],very_rare,0.15,"{""depth_min_m"":200,""depth_max_m"":5300,""habitat_tags"":[""deep_sea"",""water_column""],""ocean_regions"":[],""respawn_cooldown_s"":30}",swim,75,,https://www.marinespecies.org/aphia.php?p=taxdetails&id=107098,https://api.obis.org/v3/occurrence?taxonid=107098&size=1000,観察深度の出典記録は0–5300m。,https://api.obis.org/v3/occurrence?taxonid=107098&size=1000,https://www.gbif.org/occurrence/search?scientific_name=Gennadas%20valens&media_type=StillImage,2026-08-12,verified,source_checked_date=2026-08-06 | depth_evidence=OBIS returned-record depth envelope; 0 m can be tow interval | size_note=body about 5 cm | visual_note=compact red shrimp with large dark eyes and photophores | image_rights=reference-only; rights verification required | spawn_depth_policy=observed-range intersection with 200-6000m | asset_status=reference-only; asset_id intentionally blank | synonyms=not asserted; only exact accepted WoRMS name was adopted
I078,nematocarcinus-ensifer,Nematocarcinus ensifer,"(Smith, 1882)",WoRMS,107573,accepted,[],,[],Saber shrimp,[],shrimp,Species,Arthropoda,Malacostraca,Decapoda,Nematocarcinidae,0,4252,200,4252,"[""deep_sea"",""water_column""]",[],rare,0.35,"{""depth_min_m"":200,""depth_max_m"":4252,""habitat_tags"":[""deep_sea"",""water_column""],""ocean_regions"":[],""respawn_cooldown_s"":22}",swim,50,,https://www.marinespecies.org/aphia.php?p=taxdetails&id=107573,https://api.obis.org/v3/occurrence?taxonid=107573&size=1000,観察深度の出典記録は0–4252m。,https://api.obis.org/v3/occurrence?taxonid=107573&size=1000,https://www.marinespecies.org/DeepSea/aphia.php?p=image&pic=129232&tid=107573,2026-08-12,verified,source_checked_date=2026-08-06 | depth_evidence=OBIS returned-record depth envelope; 0 m can be tow interval | size_note=body about 15 cm | visual_note=very long thin legs and antennae with a narrow rostrum | image_rights=reference-only; rights verification required | spawn_depth_policy=observed-range intersection with 200-6000m | asset_status=reference-only; asset_id intentionally blank | synonyms=not asserted; only exact accepted WoRMS name was adopted
I079,debaspis-debilis,Debaspis debilis,"(A. Milne-Edwards, 1881)",WoRMS,1790004,accepted,[],,[],Deep-sea shrimp,[],shrimp,Species,Arthropoda,Malacostraca,Decapoda,Oplophoridae,0,5500,200,5500,"[""deep_sea"",""water_column""]",[],very_rare,0.15,"{""depth_min_m"":200,""depth_max_m"":5500,""habitat_tags"":[""deep_sea"",""water_column""],""ocean_regions"":[],""respawn_cooldown_s"":30}",swim,75,,https://www.marinespecies.org/aphia.php?p=taxdetails&id=1790004,https://api.obis.org/v3/occurrence?taxonid=1790004&size=500,観察深度の出典記録は0–5500m。,https://api.obis.org/v3/occurrence?taxonid=1790004&size=500,https://www.gbif.org/occurrence/search?scientific_name=Debaspis%20debilis&media_type=StillImage,2026-08-12,verified,source_checked_date=2026-08-06 | depth_evidence=OBIS returned-record depth envelope; 0 m can be tow interval | size_note=body about 5 cm | visual_note=slender pelagic shrimp with long rostrum and large eyes | image_rights=reference-only; rights verification required | spawn_depth_policy=observed-range intersection with 200-6000m | asset_status=reference-only; asset_id intentionally blank | synonyms=not asserted; only exact accepted WoRMS name was adopted
I080,rimicaris-chacei,Rimicaris chacei,"Williams & Rona, 1986",WoRMS,586785,accepted,[],,[],Vent shrimp,[],shrimp,Species,Arthropoda,Malacostraca,Decapoda,Alvinocarididae,1600,4080,1600,4080,"[""deep_sea"",""water_column""]",[],rare,0.35,"{""depth_min_m"":1600,""depth_max_m"":4080,""habitat_tags"":[""deep_sea"",""water_column""],""ocean_regions"":[],""respawn_cooldown_s"":22}",swim,50,,https://www.marinespecies.org/aphia.php?p=taxdetails&id=586785,https://api.obis.org/v3/occurrence?taxonid=586785&size=500,観察深度の出典記録は1600–4080m。,https://api.obis.org/v3/occurrence?taxonid=586785&size=500,https://www.gbif.org/occurrence/search?scientific_name=Rimicaris%20chacei&media_type=StillImage,2026-08-12,verified,source_checked_date=2026-08-06 | depth_evidence=OBIS returned-record depth envelope | size_note=body about 4 cm | visual_note=pale orange vent shrimp with long antennae and a narrow body | image_rights=reference-only; rights verification required | spawn_depth_policy=observed-range intersection with 200-6000m | asset_status=reference-only; asset_id intentionally blank | synonyms=not asserted; only exact accepted WoRMS name was adopted
I081,benthoecetes-bartletti,Benthoecetes bartletti,"(Smith, 1882)",WoRMS,1391796,accepted,[],,[],Bartlett's deep-sea shrimp,[],shrimp,Species,Arthropoda,Malacostraca,Decapoda,Benthesicymidae,0,5777,200,5777,"[""deep_sea"",""water_column""]",[],very_rare,0.15,"{""depth_min_m"":200,""depth_max_m"":5777,""habitat_tags"":[""deep_sea"",""water_column""],""ocean_regions"":[],""respawn_cooldown_s"":30}",swim,75,,https://www.marinespecies.org/aphia.php?p=taxdetails&id=1391796,https://api.obis.org/v3/occurrence?taxonid=1391796&size=500,観察深度の出典記録は0–5777m。,https://api.obis.org/v3/occurrence?taxonid=1391796&size=500,https://www.gbif.org/occurrence/search?scientific_name=Benthoecetes%20bartletti&media_type=StillImage,2026-08-12,verified,source_checked_date=2026-08-06 | depth_evidence=OBIS returned-record depth envelope; 0 m can be tow interval | size_note=body about 8 cm | visual_note=slender red shrimp with an elongate rostrum | image_rights=reference-only; rights verification required | spawn_depth_policy=observed-range intersection with 200-6000m | asset_status=reference-only; asset_id intentionally blank | synonyms=not asserted; only exact accepted WoRMS name was adopted
I082,robustosergia-robusta,Robustosergia robusta,"(Smith, 1882)",WoRMS,1056517,accepted,[],,[],Robust deep-sea shrimp,[],shrimp,Species,Arthropoda,Malacostraca,Decapoda,Sergestidae,0,3063,200,3063,"[""deep_sea"",""water_column""]",[],uncommon,0.65,"{""depth_min_m"":200,""depth_max_m"":3063,""habitat_tags"":[""deep_sea"",""water_column""],""ocean_regions"":[],""respawn_cooldown_s"":16}",swim,25,,https://www.marinespecies.org/aphia.php?p=taxdetails&id=1056517,https://api.obis.org/v3/occurrence?taxonid=1056517&size=500,観察深度の出典記録は0–3063m。,https://api.obis.org/v3/occurrence?taxonid=1056517&size=500,https://www.gbif.org/occurrence/search?scientific_name=Robustosergia%20robusta&media_type=StillImage,2026-08-12,verified,source_checked_date=2026-08-06 | depth_evidence=OBIS returned-record depth envelope; 0 m can be tow interval | size_note=body about 8 cm | visual_note=translucent red body with visible photophores | image_rights=reference-only; rights verification required | spawn_depth_policy=observed-range intersection with 200-6000m | asset_status=reference-only; asset_id intentionally blank | synonyms=not asserted; only exact accepted WoRMS name was adopted
I083,pasiphaea-multidentata,Pasiphaea multidentata,"Esmark, 1866",WoRMS,107676,accepted,[],,[],Glass shrimp,[],shrimp,Species,Arthropoda,Malacostraca,Decapoda,Pasiphaeidae,0,3071,200,3071,"[""deep_sea"",""water_column""]",[],uncommon,0.65,"{""depth_min_m"":200,""depth_max_m"":3071,""habitat_tags"":[""deep_sea"",""water_column""],""ocean_regions"":[],""respawn_cooldown_s"":16}",swim,25,,https://www.marinespecies.org/aphia.php?p=taxdetails&id=107676,https://api.obis.org/v3/occurrence?taxonid=107676&size=500,観察深度の出典記録は0–3071m。,https://api.obis.org/v3/occurrence?taxonid=107676&size=500,https://www.gbif.org/occurrence/search?scientific_name=Pasiphaea%20multidentata&media_type=StillImage,2026-08-12,verified,source_checked_date=2026-08-06 | depth_evidence=OBIS returned-record depth envelope; 0 m can be tow interval | size_note=body about 12 cm | visual_note=slender translucent shrimp with long antennae | image_rights=reference-only; rights verification required | spawn_depth_policy=observed-range intersection with 200-6000m | asset_status=reference-only; asset_id intentionally blank | synonyms=not asserted; only exact accepted WoRMS name was adopted
I084,nematocarcinus-gracilis,Nematocarcinus gracilis,"Spence Bate, 1888",WoRMS,514311,accepted,[],,[],Slender shrimp,[],shrimp,Species,Arthropoda,Malacostraca,Decapoda,Nematocarcinidae,1,2308,200,2308,"[""deep_sea"",""water_column""]",[],common,1,"{""depth_min_m"":200,""depth_max_m"":2308,""habitat_tags"":[""deep_sea"",""water_column""],""ocean_regions"":[],""respawn_cooldown_s"":12}",swim,10,,https://www.marinespecies.org/aphia.php?p=taxdetails&id=514311,https://api.obis.org/v3/occurrence?taxonid=514311&size=500,観察深度の出典記録は1–2308m。,https://api.obis.org/v3/occurrence?taxonid=514311&size=500,https://www.gbif.org/occurrence/search?scientific_name=Nematocarcinus%20gracilis&media_type=StillImage,2026-08-12,verified,source_checked_date=2026-08-06 | depth_evidence=OBIS returned-record depth envelope | size_note=body about 10 cm | visual_note=long fragile legs and antennae with a thin rostrum | image_rights=reference-only; rights verification required | spawn_depth_policy=observed-range intersection with 200-6000m | asset_status=reference-only; asset_id intentionally blank | synonyms=not asserted; only exact accepted WoRMS name was adopted
I085,bathymodiolus-thermophilus,Bathymodiolus thermophilus,"Kenk & B. R. Wilson, 1985",WoRMS,183000,accepted,[],,[],Hydrothermal vent mussel,[],other_invertebrate,Species,Mollusca,Bivalvia,Mytilida,Modiolidae,1598,3300,1598,3300,"[""deep_sea"",""seafloor""]",[],rare,0.35,"{""depth_min_m"":1598,""depth_max_m"":3300,""habitat_tags"":[""deep_sea"",""seafloor""],""ocean_regions"":[],""respawn_cooldown_s"":22}",stationary,50,,https://www.marinespecies.org/aphia.php?p=taxdetails&id=183000,https://api.obis.org/v3/occurrence?taxonid=183000&size=1000,観察深度の出典記録は1598–3300m。,https://api.obis.org/v3/occurrence?taxonid=183000&size=1000,https://www.gbif.org/occurrence/4511809235,2026-08-12,verified,source_checked_date=2026-08-06 | depth_evidence=OBIS returned-record depth envelope | size_note=shell to about 20 cm | visual_note=black elongated mussel shell often in dense vent-bed clusters | image_rights=reference-only; rights verification required | spawn_depth_policy=observed-range intersection with 200-6000m | asset_status=reference-only; asset_id intentionally blank | synonyms=not asserted; only exact accepted WoRMS name was adopted
I086,riftia-pachyptila,Riftia pachyptila,"Jones, 1981",WoRMS,266010,accepted,[],,[],Giant tube worm,[],other_invertebrate,Species,Annelida,Polychaeta,Sabellida,Siboglinidae,1562,3050,1562,3050,"[""deep_sea"",""seafloor""]",[],rare,0.35,"{""depth_min_m"":1562,""depth_max_m"":3050,""habitat_tags"":[""deep_sea"",""seafloor""],""ocean_regions"":[],""respawn_cooldown_s"":22}",stationary,50,,https://www.marinespecies.org/aphia.php?p=taxdetails&id=266010,https://api.obis.org/v3/occurrence?taxonid=266010&size=1000,観察深度の出典記録は1562–3050m。,https://api.obis.org/v3/occurrence?taxonid=266010&size=1000,https://www.gbif.org/occurrence/search?scientific_name=Riftia%20pachyptila&media_type=StillImage,2026-08-12,verified,source_checked_date=2026-08-06 | depth_evidence=OBIS returned-record depth envelope | size_note=tube to about 2 m | visual_note=long white tube topped by a bright red branchial plume | image_rights=reference-only; rights verification required | spawn_depth_policy=observed-range intersection with 200-6000m | asset_status=reference-only; asset_id intentionally blank | synonyms=not asserted; only exact accepted WoRMS name was adopted
I087,lamellibrachia-luymesi,Lamellibrachia luymesi,"van der Land & Nørrevang, 1975",WoRMS,265815,accepted,[],,[],Cold-seep tube worm,[],other_invertebrate,Species,Annelida,Polychaeta,Sabellida,Siboglinidae,400,1000,400,1000,"[""deep_sea"",""seafloor""]",[],common,1,"{""depth_min_m"":400,""depth_max_m"":1000,""habitat_tags"":[""deep_sea"",""seafloor""],""ocean_regions"":[],""respawn_cooldown_s"":12}",stationary,10,,https://www.marinespecies.org/aphia.php?p=taxdetails&id=265815,https://api.obis.org/v3/occurrence?taxonid=265815&size=1000,観察深度の出典記録は400–1000m。,https://api.obis.org/v3/occurrence?taxonid=265815&size=1000,https://www.gbif.org/occurrence/search?scientific_name=Lamellibrachia%20luymesi&media_type=StillImage,2026-08-12,verified,source_checked_date=2026-08-06 | depth_evidence=OBIS returned-record depth envelope | size_note=tube to about 1.5 m | visual_note=long pale tube with a red plume projecting from the tip | image_rights=reference-only; rights verification required | spawn_depth_policy=observed-range intersection with 200-6000m | asset_status=reference-only; asset_id intentionally blank | synonyms=not asserted; only exact accepted WoRMS name was adopted
I088,escarpia-laminata,Escarpia laminata,"Jones, 1985",WoRMS,265923,accepted,[],,[],Cold-seep tube worm,[],other_invertebrate,Species,Annelida,Polychaeta,Sabellida,Siboglinidae,540,3200,540,3200,"[""deep_sea"",""seafloor""]",[],uncommon,0.65,"{""depth_min_m"":540,""depth_max_m"":3200,""habitat_tags"":[""deep_sea"",""seafloor""],""ocean_regions"":[],""respawn_cooldown_s"":16}",stationary,25,,https://www.marinespecies.org/aphia.php?p=taxdetails&id=265923,https://api.obis.org/v3/occurrence?taxonid=265923&size=1000,観察深度の出典記録は540–3200m。,https://api.obis.org/v3/occurrence?taxonid=265923&size=1000,https://www.marinespecies.org/DeepSea/aphia.php?p=image&pic=126085&tid=265923,2026-08-12,verified,source_checked_date=2026-08-06 | depth_evidence=OBIS returned-record depth envelope | size_note=tube can exceed 2 m | visual_note=very long white tube with a small red branchial plume | image_rights=reference-only; rights verification required | spawn_depth_policy=observed-range intersection with 200-6000m | asset_status=reference-only; asset_id intentionally blank | synonyms=not asserted; only exact accepted WoRMS name was adopted
I089,enypniastes-eximia,Enypniastes eximia,"Théel, 1882",WoRMS,124759,accepted,[],,[],Swimming sea cucumber,[],other_invertebrate,Species,Echinodermata,Holothuroidea,Elasipodida,Pelagothuriidae,100,6170,200,6000,"[""deep_sea"",""seafloor""]",[],very_rare,0.15,"{""depth_min_m"":200,""depth_max_m"":6000,""habitat_tags"":[""deep_sea"",""seafloor""],""ocean_regions"":[],""respawn_cooldown_s"":30}",stationary,75,,https://www.marinespecies.org/aphia.php?p=taxdetails&id=124759,https://api.obis.org/v3/occurrence?taxonid=124759&size=1000,観察深度の出典記録は100–6170m。,https://api.obis.org/v3/occurrence?taxonid=124759&size=1000,https://www.marinespecies.org/DeepSea/aphia.php?p=image&pic=102823&tid=124759,2026-08-12,verified,source_checked_date=2026-08-06 | depth_evidence=OBIS returned-record depth envelope | size_note=body about 25 cm | visual_note=translucent pink sea cucumber with webbed swimming fins | image_rights=reference-only; rights verification required | spawn_depth_policy=observed-range intersection with 200-6000m | asset_status=reference-only; asset_id intentionally blank | synonyms=not asserted; only exact accepted WoRMS name was adopted
I090,psychropotes-longicauda,Psychropotes longicauda,"Théel, 1882",WoRMS,124778,accepted,[],,[],Sea cucumber,[],other_invertebrate,Species,Echinodermata,Holothuroidea,Elasipodida,Psychropotidae,271,5689,271,5689,"[""deep_sea"",""seafloor""]",[],very_rare,0.15,"{""depth_min_m"":271,""depth_max_m"":5689,""habitat_tags"":[""deep_sea"",""seafloor""],""ocean_regions"":[],""respawn_cooldown_s"":30}",stationary,75,,https://www.marinespecies.org/aphia.php?p=taxdetails&id=124778,https://api.obis.org/v3/occurrence?taxonid=124778&size=1000,観察深度の出典記録は271–5689m。,https://api.obis.org/v3/occurrence?taxonid=124778&size=1000,https://www.marinespecies.org/DeepSea/aphia.php?p=image&pic=102520&tid=124778,2026-08-12,verified,source_checked_date=2026-08-06 | depth_evidence=OBIS returned-record depth envelope | size_note=body about 50 cm | visual_note=purple brown sea cucumber with a sail-like dorsal appendage | image_rights=reference-only; rights verification required | spawn_depth_policy=observed-range intersection with 200-6000m | asset_status=reference-only; asset_id intentionally blank | synonyms=not asserted; only exact accepted WoRMS name was adopted
I091,scotoplanes-globosa,Scotoplanes globosa,"(Théel, 1879)",WoRMS,148773,accepted,[],,[],Sea pig,[],other_invertebrate,Species,Echinodermata,Holothuroidea,Elasipodida,Elpidiidae,26,6770,200,6000,"[""deep_sea"",""seafloor""]",[],very_rare,0.15,"{""depth_min_m"":200,""depth_max_m"":6000,""habitat_tags"":[""deep_sea"",""seafloor""],""ocean_regions"":[],""respawn_cooldown_s"":30}",stationary,75,,https://www.marinespecies.org/aphia.php?p=taxdetails&id=148773,https://api.obis.org/v3/occurrence?taxonid=148773&size=1000,観察深度の出典記録は26–6770m。,https://api.obis.org/v3/occurrence?taxonid=148773&size=1000,https://www.marinespecies.org/DeepSea/aphia.php?p=image&pic=80783&tid=148773,2026-08-12,verified,source_checked_date=2026-08-06 | depth_evidence=OBIS returned-record depth envelope | size_note=body about 10 to 20 cm | visual_note=pink translucent sea cucumber with walking tube feet and dorsal papillae | image_rights=reference-only; rights verification required | spawn_depth_policy=observed-range intersection with 200-6000m | asset_status=reference-only; asset_id intentionally blank | synonyms=not asserted; only exact accepted WoRMS name was adopted
I092,euplectella-aspergillum,Euplectella aspergillum,"Owen, 1841",WoRMS,171897,accepted,[],,[],Venus flower basket,[],other_invertebrate,Species,Porifera,Hexactinellida,Lyssacinosida,Euplectellidae,85,1296,200,1296,"[""deep_sea"",""seafloor""]",[],common,1,"{""depth_min_m"":200,""depth_max_m"":1296,""habitat_tags"":[""deep_sea"",""seafloor""],""ocean_regions"":[],""respawn_cooldown_s"":12}",stationary,10,,https://www.marinespecies.org/aphia.php?p=taxdetails&id=171897,https://api.obis.org/v3/occurrence?taxonid=171897&size=1000,観察深度の出典記録は85–1296m。,https://api.obis.org/v3/occurrence?taxonid=171897&size=1000,https://www.gbif.org/occurrence/search?scientific_name=Euplectella%20aspergillum&media_type=StillImage,2026-08-12,verified,source_checked_date=2026-08-06 | depth_evidence=OBIS returned-record depth envelope | size_note=skeleton to about 30 cm | visual_note=delicate cylindrical lattice of fused silica spicules | image_rights=reference-only; rights verification required | spawn_depth_policy=observed-range intersection with 200-6000m | asset_status=reference-only; asset_id intentionally blank | synonyms=not asserted; only exact accepted WoRMS name was adopted
